,music_recc_rating,Computer or laptop,Smart speakers or voice assistants,Smartphone,Wearable devices,number_of_devices,Classical,Electronic,Kpop,Melody,Old songs,Pop,Rap,Rock,dance,trending songs random,Relaxation and stress relief,Sadness or melancholy,Social gatherings or parties,Uplifting and motivational,Before bed ,Night time,Office hours,Random ,Social gatherings ,Study Hours,While Traveling,"While Traveling,",Workout session,leisure time,"leisure time,",when cooking,Age_12-20,Age_20-35,Age_35-60,Age_6-12,Age_60+,Gender_Female,Gender_Male,Gender_Others,spotify_usage_period_0,spotify_usage_period_1,spotify_usage_period_2,spotify_usage_period_3,spotify_subscription_plan_Free (ad-supported),spotify_subscription_plan_Premium (paid subscription),premium_sub_willingness_No,premium_sub_willingness_Yes,preferred_listening_content_Music,preferred_listening_content_Podcast,music_time_slot_Afternoon,music_time_slot_Morning,music_time_slot_Night
0,3,0,1,0,0,1.0,0,0,0,1,0,0,0,0,0,0,0,1,0,0,0,0,0,0,0,0,0,0,0,1,0,0,False,True,False,False,False,True,False,False,False,False,False,True,True,False,False,True,False,True,False,False,True
1,2,1,0,0,0,1.0,0,0,0,0,0,0,1,0,0,0,0,0,1,0,0,0,0,0,0,0,0,0,1,0,0,0,True,False,False,False,False,False,True,False,False,False,False,True,True,False,False,True,False,True,True,False,False
2,4,0,1,0,0,1.0,0,0,0,0,0,1,0,0,0,0,1,0,0,0,0,0,0,0,0,1,1,0,0,0,0,0,False,False,True,False,False,False,False,True,False,True,False,False,True,False,False,True,False,True,False,False,True
3,4,0,1,1,0,2.0,0,0,0,1,0,0,0,0,0,0,1,0,1,0,0,0,1,0,0,0,0,0,1,1,0,0,False,True,False,False,False,True,False,False,False,False,True,False,True,False,True,False,True,False,False,False,True
4,4,0,0,1,0,1.0,0,0,0,1,0,0,0,0,0,0,1,0,0,0,0,0,0,0,0,0,0,0,0,1,0,0,False,True,False,False,False,True,False,False,False,False,True,False,True,False,True,False,True,False,False,False,True
5,3,0,0,1,0,1.0,0,0,0,0,0,1,0,0,0,0,0,0,0,1,0,0,0,0,0,0,0,0,1,0,0,0,False,True,False,False,False,False,True,False,False,False,False,True,True,False,True,False,True,False,False,False,True
6,3,0,0,1,0,1.0,0,0,0,1,0,0,0,0,0,0,1,0,0,0,0,0,1,0,0,0,0,0,0,0,0,0,False,True,False,False,False,True,False,False,False,False,True,False,True,False,True,False,True,False,False,True,False
7,5,0,0,1,0,1.0,0,0,0,1,0,0,0,0,0,0,0,0,1,0,0,0,0,0,0,0,0,0,0,1,0,0,False,True,False,False,False,True,False,False,True,False,False,False,True,False,True,False,True,False,False,False,True
8,4,0,0,1,0,1.0,0,0,0,1,0,0,0,0,0,0,1,0,0,1,0,0,0,0,0,0,1,0,0,1,0,0,False,True,False,False,False,True,False,False,True,False,False,False,True,False,False,True,True,False,True,False,False
9,4,0,0,1,0,1.0,0,0,0,1,0,0,0,0,0,0,1,0,0,0,0,0,1,0,0,0,1,0,1,0,0,0,False,True,False,False,False,True,False,False,False,False,False,True,True,False,True,False,True,False,False,False,True
10,3,0,0,1,0,1.0,0,0,0,1,0,0,0,0,0,0,1,0,0,1,0,0,0,0,0,0,1,0,0,1,0,0,False,True,False,False,False,True,False,False,False,False,False,True,True,False,True,False,True,False,True,False,False
11,3,0,0,1,0,1.0,0,0,0,1,0,0,0,0,0,0,1,0,0,1,0,0,0,0,0,0,1,0,0,1,0,0,False,True,False,False,False,True,False,False,False,False,True,False,True,False,True,False,True,False,False,False,True
12,3,1,0,1,0,2.0,0,0,0,1,0,0,0,0,0,0,1,0,0,0,0,0,1,0,0,0,0,0,0,0,0,0,False,True,False,False,False,True,False,False,False,False,True,False,True,False,True,False,True,False,False,True,False
13,1,0,0,1,0,1.0,0,0,0,1,0,0,0,0,0,0,1,1,1,1,0,0,1,0,0,0,1,0,0,0,0,0,False,True,False,False,False,True,False,False,False,False,False,True,True,False,True,False,True,False,False,False,True
14,5,0,0,1,0,1.0,0,0,0,0,0,1,0,0,0,0,1,0,0,0,0,0,1,0,0,0,0,0,0,0,0,0,False,True,False,False,False,True,False,False,False,False,False,True,True,False,False,True,True,False,False,True,False
15,2,0,0,1,0,1.0,0,0,0,0,0,1,0,0,0,0,1,0,0,1,0,0,1,0,0,0,1,0,0,1,0,0,False,True,False,False,False,True,False,False,False,False,False,True,True,False,True,False,True,False,True,False,False
16,1,0,0,1,0,1.0,0,0,0,1,0,0,0,0,0,0,1,0,0,0,0,0,0,0,0,0,1,0,0,1,0,0,False,True,False,False,False,True,False,False,True,False,False,False,True,False,False,True,True,False,True,False,False
17,4,0,0,1,0,1.0,0,0,0,1,0,0,0,0,0,0,0,0,1,0,0,0,0,0,1,0,0,0,0,0,0,0,False,True,False,False,False,True,False,False,True,False,False,False,True,False,True,False,True,False,False,False,True
18,3,0,0,1,0,1.0,0,0,0,1,0,0,0,0,0,0,1,0,0,0,0,0,0,0,0,0,0,0,0,1,0,0,False,True,False,False,False,True,False,False,False,False,False,True,True,False,True,False,True,False,False,False,True
19,4,0,0,1,0,1.0,0,0,0,1,0,0,0,0,0,0,0,1,0,0,0,0,0,0,0,0,1,0,0,1,0,0,False,True,False,False,False,True,False,False,False,False,True,False,True,False,False,True,True,False,False,False,True
20,4,0,0,1,0,1.0,0,0,0,1,0,0,0,0,0,0,1,1,0,0,0,0,0,0,0,0,1,0,0,1,0,0,False,True,False,False,False,True,False,False,False,False,True,False,True,False,True,False,True,False,False,False,True
21,5,0,0,1,0,1.0,1,0,0,1,0,0,0,0,1,0,1,0,0,0,0,0,1,0,0,0,0,0,0,0,0,0,False,True,False,False,False,False,True,False,False,False,False,True,True,False,False,True,True,False,False,True,False
22,4,0,0,1,0,1.0,0,0,0,1,0,0,0,0,0,0,1,0,0,0,0,0,0,0,0,0,1,0,0,0,0,0,False,True,False,False,False,True,False,False,True,False,False,False,True,False,True,False,True,False,False,False,True
23,1,1,1,1,0,3.0,1,0,0,0,0,0,0,0,0,0,1,1,1,1,0,0,0,0,0,0,1,0,1,1,0,0,False,True,False,False,False,True,False,False,False,False,False,True,False,True,False,True,True,False,False,False,True
24,3,1,0,1,0,2.0,0,0,0,0,0,0,0,1,0,0,1,1,0,0,0,0,0,0,0,1,0,0,0,0,0,0,False,True,False,False,False,False,True,False,False,False,False,True,False,True,False,True,True,False,False,False,True
25,4,0,0,1,0,1.0,0,0,0,0,0,1,0,0,0,0,1,0,0,0,0,0,0,0,0,0,1,0,1,1,0,0,False,True,False,False,False,True,False,False,False,False,True,False,True,False,True,False,True,False,False,False,True
26,4,0,1,1,0,2.0,0,0,0,0,0,0,1,0,0,0,1,0,0,0,0,0,1,0,0,0,1,0,1,0,0,0,True,False,False,False,False,False,True,False,False,True,False,False,False,True,False,True,False,True,False,True,False
27,1,0,0,1,0,1.0,0,0,0,0,1,0,0,0,0,0,1,0,0,0,0,0,0,0,0,0,0,0,0,1,0,0,False,False,True,False,False,False,True,False,True,False,False,False,True,False,True,False,True,False,False,False,True
28,4,0,0,1,0,1.0,0,0,0,0,0,1,0,0,0,0,1,0,0,0,0,0,1,0,0,0,1,0,0,0,0,0,False,True,False,False,False,True,False,False,True,False,False,False,True,False,True,False,True,False,False,False,True
29,3,1,0,1,0,2.0,0,0,0,1,0,0,0,0,0,0,1,0,0,1,0,0,0,0,0,1,0,0,0,1,0,0,False,True,False,False,False,True,False,False,False,True,False,False,True,False,True,False,False,True,False,False,True
30,4,0,0,1,0,1.0,0,0,0,1,0,0,0,0,0,0,1,0,0,0,0,0,0,0,0,0,1,0,0,0,0,0,False,True,False,False,False,True,False,False,False,True,False,False,True,False,True,False,True,False,False,True,False
31,5,0,0,1,0,1.0,0,0,0,0,0,1,0,0,0,0,1,0,0,0,0,0,1,0,0,0,0,0,0,0,0,0,False,True,False,False,False,False,True,False,False,False,True,False,True,False,True,False,True,False,False,False,True
32,3,0,0,1,0,1.0,0,0,0,0,0,1,0,0,0,0,0,0,0,1,0,0,0,0,0,0,0,0,1,0,0,0,True,False,False,False,False,False,True,False,False,False,False,True,True,False,True,False,True,False,False,False,True
33,3,0,0,1,0,1.0,0,0,0,0,0,1,0,0,0,0,1,0,0,0,0,0,0,0,0,0,1,0,0,0,0,0,True,False,False,False,False,False,True,False,False,False,False,True,True,False,False,True,True,False,False,False,True
34,4,0,0,1,0,1.0,0,0,0,1,0,0,0,0,0,0,1,1,1,1,0,0,0,0,0,0,1,0,0,1,0,0,False,True,False,False,False,True,False,False,True,False,False,False,True,False,True,False,True,False,False,False,True
35,1,0,0,1,0,1.0,0,0,0,0,0,0,1,0,0,0,0,0,0,1,0,0,0,0,0,0,0,0,1,0,0,0,True,False,False,False,False,False,True,False,False,False,True,False,True,False,True,False,True,False,False,False,True
36,3,1,0,1,0,2.0,0,0,0,0,0,1,0,0,0,0,0,0,0,1,0,0,1,0,0,0,1,0,0,1,0,0,False,True,False,False,False,True,False,False,False,False,False,True,True,False,True,False,True,False,False,True,False
37,3,1,0,1,0,2.0,0,0,0,1,0,0,0,0,0,0,1,0,1,0,0,0,0,0,0,0,1,0,1,1,0,0,False,True,False,False,False,True,False,False,False,False,False,True,True,False,False,True,True,False,False,False,True
38,4,0,0,1,0,1.0,0,0,0,1,0,0,0,0,0,0,1,0,0,0,0,0,0,0,0,0,1,0,0,1,0,0,True,False,False,False,False,True,False,False,False,False,False,True,True,False,True,False,True,False,False,False,True
39,3,1,0,1,0,2.0,0,0,0,0,0,1,0,0,0,0,1,0,0,1,0,0,0,0,0,1,0,0,0,1,0,0,True,False,False,False,False,True,False,False,False,False,False,True,True,False,True,False,True,False,False,False,True
40,4,0,0,1,0,1.0,0,0,0,1,0,0,0,0,0,0,1,0,0,0,0,0,0,0,0,0,1,0,0,1,0,0,True,False,False,False,False,True,False,False,False,False,False,True,True,False,True,False,True,False,False,False,True
41,3,0,0,1,0,1.0,0,0,0,0,0,1,0,0,0,0,1,0,0,0,0,0,0,0,0,0,1,0,1,0,0,0,True,False,False,False,False,False,True,False,False,False,True,False,True,False,True,False,True,False,False,False,True
42,4,0,0,1,0,1.0,0,0,0,0,0,1,0,0,0,0,0,0,0,1,0,0,0,0,0,1,0,0,1,1,0,0,True,False,False,False,False,True,False,False,False,False,False,True,True,False,False,True,True,False,False,False,True
43,5,1,0,1,0,2.0,1,0,0,0,0,0,0,0,0,0,1,0,1,1,0,0,0,0,0,0,1,0,1,1,0,0,True,False,False,False,False,False,True,False,False,False,True,False,True,False,True,False,True,False,True,False,False
44,5,0,0,1,0,1.0,0,0,0,1,0,0,0,0,0,0,1,1,0,0,0,0,1,0,0,0,0,1,0,0,0,0,False,True,False,False,False,True,False,False,True,False,False,False,True,False,True,False,True,False,False,False,True
45,5,0,0,1,0,1.0,0,0,0,1,0,0,0,0,0,0,1,0,0,0,0,0,0,0,0,0,1,0,0,1,0,0,False,True,False,False,False,False,True,False,False,False,True,False,True,False,True,False,True,False,False,False,True
46,3,0,0,1,0,1.0,1,0,0,0,0,0,0,0,0,0,0,1,0,0,0,0,0,0,0,0,1,0,1,0,0,0,True,False,False,False,False,False,True,False,False,False,True,False,True,False,True,False,False,True,True,False,False
47,4,0,1,1,0,2.0,0,0,0,1,0,0,0,0,0,0,0,1,0,0,0,0,0,0,0,0,1,0,1,1,0,0,False,False,True,False,False,False,True,False,False,False,True,False,True,False,False,True,False,True,False,True,False
48,3,0,0,1,1,2.0,0,0,0,1,0,0,0,0,0,0,1,0,0,0,0,0,0,0,0,0,1,0,0,1,0,0,False,True,False,False,False,True,False,False,True,False,False,False,True,False,True,False,True,False,False,True,False
49,4,1,1,1,0,3.0,0,1,0,0,0,0,0,0,1,0,1,1,0,1,0,0,0,0,0,0,1,0,1,1,0,0,False,True,False,False,False,False,True,False,False,False,True,False,False,True,False,True,True,False,False,False,True
50,3,1,0,1,1,3.0,0,0,0,1,0,0,0,0,0,0,1,0,0,0,0,0,0,0,0,0,1,0,0,1,0,0,False,True,False,False,False,False,True,False,False,False,False,True,True,False,True,False,True,False,False,False,True
51,4,0,1,0,0,1.0,0,0,0,0,0,1,0,0,0,0,1,0,0,0,0,0,0,0,0,0,0,0,0,1,0,0,True,False,False,False,False,True,False,False,False,False,True,False,True,False,True,False,True,False,False,False,True
52,4,0,0,1,0,1.0,0,0,0,0,0,0,1,0,0,0,1,1,0,0,0,0,1,0,0,0,0,0,0,0,0,0,False,True,False,False,False,False,True,False,True,False,False,False,True,False,False,True,True,False,False,False,True
53,4,0,0,1,0,1.0,0,0,0,1,0,0,0,0,0,0,1,0,0,1,0,0,0,0,0,0,1,0,1,1,0,0,False,True,False,False,False,True,False,False,False,False,True,False,True,False,True,False,False,True,False,False,True
54,3,0,0,1,1,2.0,0,0,0,0,0,1,0,0,0,0,1,0,1,0,0,0,1,0,0,0,1,0,0,1,0,0,False,True,False,False,False,True,False,False,False,False,False,True,True,False,True,False,True,False,False,False,True
55,5,0,0,1,0,1.0,1,1,1,1,1,1,1,1,1,1,1,0,0,1,0,0,0,0,0,0,0,0,1,1,0,0,True,False,False,False,False,True,False,False,False,False,False,True,True,False,True,False,True,False,False,True,False
56,3,0,0,1,0,1.0,1,0,0,0,0,0,0,0,0,0,1,0,0,0,0,0,0,0,0,0,1,0,0,1,0,0,False,True,False,False,False,False,True,False,True,False,False,False,True,False,True,False,True,False,True,False,False
57,4,0,0,1,0,1.0,0,0,0,1,0,0,0,0,0,0,1,0,0,0,0,0,0,0,0,0,1,0,0,0,0,0,False,True,False,False,False,True,False,False,False,True,False,False,True,False,True,False,True,False,False,False,True
58,4,1,0,1,0,2.0,0,0,0,0,0,1,0,0,0,0,1,0,0,0,0,0,0,0,0,0,1,0,1,0,0,0,False,True,False,False,False,True,False,False,False,False,False,True,True,False,True,False,True,False,False,True,False
59,5,1,0,0,1,2.0,0,0,0,0,0,1,0,0,0,0,1,1,1,1,0,0,0,0,0,0,1,0,1,1,0,0,False,True,False,False,False,False,True,False,False,False,False,True,False,True,False,True,True,False,False,False,True
60,4,0,0,1,0,1.0,1,0,0,0,0,0,0,0,0,0,1,1,0,1,0,0,0,0,0,0,1,0,0,1,0,0,False,True,False,False,False,False,True,False,False,False,False,True,True,False,False,True,True,False,False,False,True
61,3,0,0,1,0,1.0,0,0,0,0,0,1,0,0,0,0,0,0,0,1,0,0,0,0,0,0,0,0,0,1,0,0,False,True,False,False,False,False,True,False,True,False,False,False,True,False,True,False,True,False,False,False,True
62,3,0,0,1,0,1.0,0,0,0,1,0,0,0,0,0,0,1,0,1,1,0,0,0,0,0,0,1,0,0,1,0,0,False,True,False,False,False,False,True,False,True,False,False,False,True,False,True,False,True,False,True,False,False
63,3,0,0,1,0,1.0,0,0,0,1,0,0,0,0,0,0,1,0,0,0,0,0,0,0,0,0,0,0,0,1,0,0,False,True,False,False,False,True,False,False,True,False,False,False,True,False,True,False,True,False,False,False,True
64,3,1,0,0,0,1.0,0,0,0,0,0,0,1,0,0,0,1,0,0,0,0,0,0,0,0,0,1,0,0,1,0,0,True,False,False,False,False,False,True,False,True,False,False,False,True,False,True,False,True,False,True,False,False
65,3,0,0,1,0,1.0,0,0,0,1,0,0,0,0,0,0,1,1,0,0,0,0,0,0,0,0,0,0,0,1,0,0,False,True,False,False,False,False,True,False,False,True,False,False,True,False,True,False,True,False,False,False,True
66,5,1,1,1,1,4.0,0,0,0,1,0,0,0,0,0,0,1,0,1,1,0,0,0,0,0,0,1,0,1,1,0,0,False,True,False,False,False,False,True,False,False,False,False,True,False,True,False,True,True,False,False,False,True
67,4,1,0,1,0,2.0,0,0,0,1,0,0,0,0,0,0,1,0,0,1,0,0,1,0,0,0,0,0,0,0,0,0,False,True,False,False,False,False,True,False,False,False,False,True,False,True,False,True,True,False,False,False,True
68,4,0,0,1,0,1.0,0,0,0,1,0,0,0,0,0,0,1,1,1,1,0,0,0,0,0,0,1,0,0,1,0,0,False,True,False,False,False,True,False,False,True,False,False,False,True,False,True,False,True,False,False,False,True
69,5,1,0,1,1,3.0,0,0,0,1,0,0,0,0,0,0,1,0,0,0,0,0,0,0,0,0,0,0,0,1,0,0,False,True,False,False,False,True,False,False,False,False,True,False,True,False,False,True,True,False,True,False,False
70,5,1,0,1,0,2.0,0,0,0,1,0,0,0,0,0,0,1,0,0,0,0,0,1,0,0,0,1,0,1,0,0,0,False,True,False,False,False,True,False,False,False,False,True,False,True,False,True,False,True,False,False,False,True
71,3,0,0,1,0,1.0,0,1,0,0,0,0,0,0,1,0,0,0,0,1,0,0,0,0,0,0,1,0,0,0,0,0,False,True,False,False,False,True,False,False,True,False,False,False,True,False,True,False,True,False,True,False,False
72,5,0,0,1,0,1.0,0,0,0,1,0,0,0,0,0,0,1,1,0,0,0,0,0,0,0,0,0,0,0,1,0,0,False,True,False,False,False,True,False,False,False,False,False,True,True,False,True,False,True,False,False,False,True
73,2,1,0,1,0,2.0,0,0,0,1,0,0,0,0,0,0,0,0,1,0,0,0,1,0,0,0,1,0,0,1,0,0,False,True,False,False,False,True,False,False,True,False,False,False,True,False,True,False,True,False,False,True,False
74,2,1,0,0,0,1.0,0,0,0,1,0,0,0,0,0,0,0,0,0,1,0,0,0,0,0,0,1,0,0,0,0,0,True,False,False,False,False,True,False,False,False,True,False,False,False,True,True,False,False,True,True,False,False
75,4,0,1,0,0,1.0,0,0,0,0,0,0,1,0,0,0,0,1,0,1,0,0,0,0,0,0,1,0,1,1,0,0,False,True,False,False,False,False,False,True,False,False,True,False,False,True,False,True,False,True,True,False,False
76,2,0,0,0,1,1.0,0,0,0,0,0,0,1,0,0,0,0,1,0,0,0,0,0,0,0,1,0,0,0,0,0,0,False,True,False,False,False,True,False,False,False,False,False,True,True,False,False,True,False,True,False,False,True
77,5,1,0,0,0,1.0,0,0,0,0,0,1,0,0,0,0,0,0,1,0,0,0,0,0,0,0,0,0,1,0,0,0,False,False,True,False,False,False,True,False,False,False,True,False,True,False,False,True,False,True,True,False,False
78,3,1,0,0,0,1.0,0,0,0,1,0,0,0,0,0,0,0,1,0,0,0,0,0,0,0,0,1,0,0,0,0,0,True,False,False,False,False,True,False,False,False,False,True,False,True,False,False,True,False,True,True,False,False
79,3,1,0,0,0,1.0,1,0,0,0,0,0,0,0,0,0,0,0,0,1,0,0,0,0,0,1,0,0,0,0,0,0,True,False,False,False,False,True,False,False,False,False,True,False,True,False,False,True,False,True,True,False,False
80,4,0,0,1,0,1.0,0,0,0,1,0,0,0,0,0,0,1,0,0,0,0,0,0,0,0,0,0,0,0,1,0,0,False,True,False,False,False,True,False,False,False,True,False,False,True,False,True,False,True,False,True,False,False
81,3,0,0,1,0,1.0,0,0,0,0,0,0,1,0,0,0,1,0,0,0,0,0,0,0,0,1,0,0,0,0,0,0,True,False,False,False,False,True,False,False,True,False,False,False,True,False,False,True,False,True,False,True,False
82,4,0,0,1,0,1.0,1,0,0,0,0,0,0,0,0,0,1,0,0,0,0,0,0,0,0,0,0,0,0,1,0,0,False,False,True,False,False,False,True,False,True,False,False,False,True,False,True,False,False,True,False,False,True
83,3,1,0,0,0,1.0,0,0,0,1,0,0,0,0,0,0,0,0,0,1,0,0,0,0,0,0,1,0,0,0,0,0,True,False,False,False,False,False,False,True,False,True,False,False,True,False,False,True,True,False,False,True,False
84,3,0,0,1,0,1.0,0,0,0,1,0,0,0,0,0,0,1,0,0,0,0,0,0,0,0,0,0,0,0,1,0,0,False,True,False,False,False,True,False,False,False,False,True,False,True,False,True,False,True,False,False,False,True
85,3,1,0,0,0,1.0,0,0,0,0,0,0,1,0,0,0,0,1,0,0,0,0,0,0,0,0,1,0,0,0,0,0,False,True,False,False,False,False,True,False,False,True,False,False,True,False,False,True,False,True,False,True,False
86,3,1,0,0,0,1.0,0,0,0,0,0,0,1,0,0,0,0,0,0,1,0,0,0,0,0,1,0,0,0,0,0,0,True,False,False,False,False,False,True,False,False,True,False,False,True,False,True,False,False,True,True,False,False
87,4,0,0,1,0,1.0,0,0,0,1,0,0,0,0,0,0,1,0,0,0,0,0,0,0,0,0,1,0,0,1,0,0,False,True,False,False,False,True,False,False,False,False,True,False,True,False,True,False,True,False,False,False,True
88,5,0,0,1,0,1.0,0,1,0,0,0,0,0,0,1,0,1,0,0,0,0,0,1,0,0,0,0,0,0,0,0,0,False,True,False,False,False,True,False,False,True,False,False,False,True,False,False,True,False,True,False,False,True
89,4,0,1,0,0,1.0,1,0,0,0,0,0,0,0,0,0,0,0,0,1,0,0,0,0,0,0,1,0,0,0,0,0,False,False,True,False,False,False,False,True,False,False,False,True,True,False,True,False,False,True,False,True,False
90,5,0,0,1,0,1.0,0,0,0,1,0,0,0,0,0,0,1,1,1,1,0,1,0,0,0,0,1,0,1,1,0,1,False,True,False,False,False,True,False,False,False,False,False,True,True,False,False,True,True,False,False,False,True
91,3,0,0,1,0,1.0,1,0,0,0,0,0,0,0,0,0,1,0,0,0,0,0,1,0,0,0,0,0,0,0,0,0,False,True,False,False,False,True,False,False,True,False,False,False,False,True,False,True,True,False,False,False,True
92,3,0,0,1,0,1.0,0,0,0,1,0,0,0,0,0,0,1,0,0,0,0,0,0,0,0,0,0,0,0,1,0,0,False,True,False,False,False,True,False,False,True,False,False,False,True,False,True,False,True,False,False,False,True
93,4,0,0,1,0,1.0,0,0,0,1,0,0,0,0,0,0,1,1,1,1,0,0,0,0,0,0,1,0,1,1,0,0,True,False,False,False,False,True,False,False,False,False,False,True,True,False,True,False,True,False,False,True,False
94,3,0,0,1,1,2.0,0,0,0,1,0,0,0,0,0,0,1,1,1,1,0,0,0,0,0,0,1,0,0,1,0,0,False,True,False,False,False,True,False,False,False,False,False,True,True,False,True,False,True,False,False,True,False
95,3,0,0,1,0,1.0,0,0,0,0,0,0,1,0,0,0,1,0,0,1,0,0,1,0,0,0,0,0,0,0,0,0,False,True,False,False,False,False,True,False,False,False,False,True,True,False,True,False,True,False,False,False,True
96,3,0,0,1,0,1.0,0,0,0,1,0,0,0,0,0,0,1,0,0,0,0,0,0,0,0,0,0,0,0,1,0,0,False,True,False,False,False,False,True,False,False,False,True,False,True,False,True,False,True,False,False,False,True
97,3,1,0,1,0,2.0,0,0,0,1,0,0,0,0,0,0,1,1,0,1,0,0,0,0,0,0,1,0,1,1,0,0,False,True,False,False,False,True,False,False,False,True,False,False,True,False,True,False,True,False,False,False,True
98,5,0,0,1,0,1.0,0,0,0,0,0,1,0,0,0,0,1,1,1,1,0,0,0,0,0,0,1,0,1,1,0,0,False,True,False,False,False,True,False,False,False,False,False,True,False,True,False,True,True,False,False,False,True
99,3,0,1,1,0,2.0,0,0,0,0,0,1,0,0,0,0,1,0,1,0,0,0,0,0,0,0,0,0,0,1,0,0,False,True,False,False,False,True,False,False,False,False,False,True,False,True,False,True,True,False,False,False,True
100,5,0,0,1,0,1.0,0,0,0,0,0,1,0,0,0,0,1,1,1,1,0,0,1,0,0,0,1,0,1,1,0,0,False,True,False,False,False,False,True,False,False,False,False,True,False,True,False,True,True,False,False,False,True
101,4,0,0,1,0,1.0,0,0,0,1,0,0,0,0,0,0,1,0,0,0,0,0,0,0,0,0,1,0,0,0,0,0,False,True,False,False,False,True,False,False,True,False,False,False,True,False,True,False,True,False,False,False,True
102,4,0,0,1,0,1.0,0,0,0,0,0,1,0,0,0,0,1,0,0,0,0,0,1,0,0,0,0,0,0,0,0,0,False,True,False,False,False,True,False,False,True,False,False,False,True,False,True,False,True,False,True,False,False
103,4,0,0,1,0,1.0,1,0,0,0,0,0,0,0,0,0,1,0,0,0,0,0,0,0,0,0,0,0,0,1,0,0,False,True,False,False,False,False,True,False,True,False,False,False,True,False,True,False,True,False,False,False,True
104,3,1,0,1,0,2.0,0,0,0,1,0,0,0,0,0,0,1,1,0,0,0,0,0,0,0,0,1,0,0,1,0,0,False,True,False,False,False,True,False,False,False,False,False,True,True,False,True,False,True,False,False,True,False
105,4,0,0,1,0,1.0,0,0,0,1,0,0,0,0,0,0,0,1,0,0,0,0,0,0,0,0,0,0,0,1,0,0,False,True,False,False,False,True,False,False,True,False,False,False,True,False,True,False,True,False,False,False,True
106,4,1,0,1,0,2.0,0,0,0,0,0,1,0,0,0,0,1,1,0,1,0,0,1,0,0,0,1,0,0,0,0,0,False,True,False,False,False,False,True,False,False,False,False,True,True,False,True,False,True,False,False,True,False
107,4,0,0,1,0,1.0,0,0,0,1,0,0,0,0,0,0,1,0,0,1,0,0,0,0,0,1,1,0,1,1,0,0,False,True,False,False,False,True,False,False,False,False,False,True,True,False,True,False,True,False,False,False,True
108,3,0,0,1,0,1.0,0,0,0,0,0,1,0,0,0,0,1,0,0,0,0,0,0,0,0,0,0,0,0,1,0,0,False,True,False,False,False,True,False,False,True,False,False,False,True,False,True,False,True,False,False,False,True
109,5,1,0,1,0,2.0,0,0,0,0,0,1,0,0,0,0,1,0,0,0,0,0,0,0,0,0,1,0,0,1,0,0,False,True,False,False,False,True,False,False,False,False,False,True,False,True,False,True,True,False,False,False,True
110,4,0,0,1,0,1.0,0,0,0,1,0,0,0,0,0,0,1,0,0,0,0,0,0,0,0,0,1,0,0,0,0,0,False,True,False,False,False,False,True,False,True,False,False,False,True,False,True,False,True,False,False,False,True
111,4,0,0,1,0,1.0,0,0,0,1,0,0,0,0,0,0,1,0,0,1,0,0,0,0,0,0,1,0,0,0,0,0,False,True,False,False,False,True,False,False,True,False,False,False,True,False,True,False,True,False,False,False,True
112,5,0,0,1,0,1.0,0,0,0,1,0,0,0,0,0,0,1,0,0,0,0,0,0,0,0,0,1,0,0,0,0,0,False,True,False,False,False,True,False,False,False,False,False,True,True,False,True,False,True,False,False,False,True
113,5,0,0,1,0,1.0,0,0,1,0,0,0,0,0,0,0,1,0,0,0,0,0,1,0,0,0,1,0,1,0,0,0,False,True,False,False,False,True,False,False,False,False,True,False,True,False,True,False,True,False,False,False,True
114,4,0,0,1,0,1.0,0,0,0,1,0,0,0,0,0,0,1,0,0,1,0,0,0,0,0,0,1,0,0,1,0,0,False,True,False,False,False,True,False,False,True,False,False,False,True,False,True,False,True,False,False,False,True
115,4,0,0,1,0,1.0,0,0,0,1,0,0,0,0,0,0,1,0,0,1,0,0,0,0,0,0,1,0,1,1,0,0,False,True,False,False,False,True,False,False,False,False,True,False,True,False,True,False,True,False,False,False,True
116,1,0,0,1,0,1.0,1,0,0,0,0,0,0,0,0,0,1,0,0,0,0,0,0,0,0,0,0,0,0,1,0,0,False,True,False,False,False,False,True,False,False,False,False,True,False,True,True,False,True,False,False,False,True
117,2,1,0,1,0,2.0,1,1,1,1,1,1,1,1,1,1,1,0,1,1,0,0,1,0,0,1,1,0,1,1,0,0,False,True,False,False,False,False,True,False,False,False,False,True,False,True,True,False,True,False,False,False,True
118,4,0,0,1,0,1.0,0,0,0,1,0,0,0,0,0,0,1,0,0,0,0,0,0,0,0,0,1,0,0,1,0,0,False,True,False,False,False,True,False,False,False,False,False,True,True,False,True,False,True,False,False,False,True
119,1,0,0,1,0,1.0,0,0,0,1,0,0,0,0,0,0,1,0,0,1,0,0,0,0,0,0,0,0,0,1,0,0,False,True,False,False,False,True,False,False,True,False,False,False,True,False,True,False,True,False,False,True,False
120,5,0,0,1,0,1.0,0,0,0,1,0,0,0,0,0,0,1,1,1,1,0,0,1,0,0,0,1,0,0,1,0,0,False,True,False,False,False,True,False,False,False,True,False,False,True,False,True,False,True,False,False,False,True
121,3,1,0,1,0,2.0,0,0,0,0,0,1,0,0,0,0,1,1,1,0,0,0,0,0,0,0,1,0,0,1,0,0,False,True,False,False,False,False,True,False,False,False,False,True,True,False,False,True,True,False,False,False,True
122,4,0,0,1,0,1.0,0,0,0,0,0,1,0,0,0,0,0,0,0,1,0,0,0,0,0,0,1,0,0,1,0,0,False,True,False,False,False,True,False,False,False,False,True,False,True,False,True,False,True,False,False,False,True
123,4,0,0,1,0,1.0,0,0,0,1,0,0,0,0,0,0,1,0,0,1,0,0,0,0,0,0,0,0,1,1,0,0,False,True,False,False,False,True,False,False,False,False,False,True,True,False,True,False,False,True,False,False,True
124,4,0,0,1,0,1.0,0,0,0,1,0,0,0,0,0,0,1,1,0,0,0,0,1,0,0,0,0,0,0,1,0,0,False,True,False,False,False,True,False,False,False,False,True,False,True,False,False,True,True,False,False,False,True
125,3,0,0,1,0,1.0,0,0,0,1,0,0,0,0,0,0,1,0,0,0,0,0,0,0,0,0,1,0,0,1,0,0,False,True,False,False,False,True,False,False,False,True,False,False,True,False,True,False,False,True,False,True,False
126,4,0,0,1,0,1.0,0,0,0,1,0,0,0,0,0,0,1,0,0,0,0,0,0,0,0,0,1,0,0,0,0,0,True,False,False,False,False,True,False,False,True,False,False,False,True,False,True,False,True,False,False,True,False
127,4,0,0,1,0,1.0,0,0,0,1,0,0,0,0,0,0,1,1,0,0,0,0,0,0,0,0,1,0,0,0,0,0,False,True,False,False,False,True,False,False,False,True,False,False,True,False,False,True,True,False,False,False,True
128,4,0,0,1,0,1.0,0,0,0,0,0,1,0,0,0,0,1,0,0,0,0,0,0,0,0,0,0,0,0,1,0,0,False,True,False,False,False,True,False,False,True,False,False,False,True,False,True,False,True,False,False,False,True
129,3,1,1,1,0,3.0,0,0,0,1,0,0,0,0,0,0,1,1,0,1,0,0,0,0,0,0,1,0,0,1,0,0,False,True,False,False,False,True,False,False,False,False,False,True,True,False,True,False,True,False,False,False,True
130,4,1,0,1,1,3.0,0,1,0,0,0,0,0,0,1,0,1,1,1,1,0,0,0,0,0,0,1,0,1,1,0,0,False,True,False,False,False,True,False,False,False,False,False,True,True,False,True,False,True,False,False,False,True
131,3,0,0,1,0,1.0,0,0,0,1,0,0,0,0,0,0,1,0,0,1,0,0,0,0,0,0,1,0,0,1,0,0,False,True,False,False,False,True,False,False,True,False,False,False,True,False,True,False,True,False,False,False,True
132,4,0,1,1,0,2.0,0,0,0,0,0,0,1,0,0,0,1,0,0,1,0,0,0,0,0,0,0,0,0,1,0,0,False,True,False,False,False,False,True,False,False,False,True,False,True,False,True,False,True,False,False,False,True
133,3,0,0,0,1,1.0,0,0,0,1,0,0,0,0,0,0,1,0,0,0,0,0,0,0,0,0,0,0,0,1,0,0,False,True,False,False,False,True,False,False,True,False,False,False,True,False,True,False,True,False,False,True,False
134,5,1,0,1,0,2.0,0,0,0,1,0,0,0,0,0,0,1,0,0,1,0,0,0,0,0,0,1,0,1,1,0,0,False,True,False,False,False,False,True,False,False,True,False,False,True,False,False,True,True,False,False,False,True
135,5,1,0,1,0,2.0,0,0,0,0,0,0,1,0,0,0,1,0,0,1,0,0,0,0,0,0,1,0,1,0,0,0,False,True,False,False,False,False,True,False,False,False,False,True,True,False,True,False,False,True,False,False,True
136,4,0,0,1,0,1.0,0,0,0,1,0,0,0,0,0,0,0,0,0,1,0,0,0,0,0,0,1,0,1,1,0,0,False,False,True,False,False,False,True,False,False,False,False,True,True,False,False,True,True,False,False,False,True
137,4,0,0,1,0,1.0,0,0,0,1,0,0,0,0,0,0,1,0,0,0,0,0,0,0,0,0,0,0,0,1,0,0,False,True,False,False,False,True,False,False,True,False,False,False,True,False,True,False,True,False,False,False,True
138,3,0,1,1,1,3.0,0,0,0,0,0,0,0,1,0,0,1,0,0,0,0,0,0,0,0,0,0,0,0,1,0,0,False,True,False,False,False,False,True,False,False,False,False,True,True,False,True,False,True,False,False,False,True
139,4,0,0,1,0,1.0,0,0,0,0,0,1,0,0,0,0,1,0,0,0,0,0,0,0,0,0,1,0,0,1,0,0,False,True,False,False,False,True,False,False,False,True,False,False,True,False,True,False,True,False,False,False,True
140,5,1,0,1,0,2.0,0,0,0,1,0,0,0,0,0,0,1,0,0,0,0,0,0,0,0,0,1,0,0,0,0,0,False,True,False,False,False,False,True,False,False,False,True,False,False,True,False,True,True,False,False,False,True
141,4,0,0,1,0,1.0,1,0,0,0,0,0,0,0,0,0,1,0,0,0,0,0,0,0,0,0,0,0,0,1,0,0,False,False,True,False,False,True,False,False,True,False,False,False,True,False,True,False,False,True,False,False,True
142,4,0,0,1,0,1.0,0,0,0,1,0,0,0,0,0,0,1,0,0,0,0,0,0,0,0,0,0,0,0,1,0,0,False,True,False,False,False,True,False,False,True,False,False,False,True,False,True,False,False,True,False,False,True
143,3,0,0,1,0,1.0,0,0,0,1,0,0,0,0,0,0,1,1,1,0,0,0,0,0,0,0,1,0,1,1,0,0,False,True,False,False,False,True,False,False,False,False,False,True,False,True,False,True,True,False,False,False,True
144,3,0,0,1,0,1.0,0,0,0,0,0,1,0,0,0,0,1,0,0,0,0,0,0,0,0,0,0,0,1,1,0,0,False,True,False,False,False,True,False,False,True,False,False,False,True,False,True,False,True,False,False,False,True
145,5,0,0,1,0,1.0,0,0,0,0,0,1,0,0,0,0,1,0,0,0,0,0,0,0,0,0,1,0,0,0,0,0,False,True,False,False,False,False,True,False,False,False,False,True,True,False,True,False,True,False,False,False,True
146,3,0,0,1,0,1.0,0,0,0,1,0,0,0,0,0,0,1,0,0,0,0,0,0,0,0,0,1,0,0,1,0,0,True,False,False,False,False,False,True,False,False,False,False,True,False,True,True,False,True,False,True,False,False
147,5,1,1,1,1,4.0,0,0,0,1,0,0,0,0,0,0,1,0,0,0,0,0,1,0,0,0,1,0,0,1,0,0,False,True,False,False,False,False,True,False,False,False,True,False,True,False,True,False,True,False,True,False,False
148,4,0,0,1,0,1.0,0,1,0,0,0,0,0,0,1,0,1,0,0,0,0,0,0,0,0,0,0,0,0,1,0,0,False,True,False,False,False,True,False,False,True,False,False,False,True,False,True,False,True,False,False,False,True
149,5,0,0,1,0,1.0,0,0,0,0,0,1,0,0,0,0,1,0,0,0,0,0,0,0,0,0,1,0,1,1,0,0,False,True,False,False,False,True,False,False,False,False,True,False,True,False,True,False,True,False,False,False,True
150,4,1,0,1,0,2.0,1,0,0,0,0,0,0,0,0,0,1,1,1,1,0,0,1,0,0,0,1,0,0,1,0,0,False,True,False,False,False,True,False,False,False,False,False,True,True,False,True,False,True,False,False,False,True
151,3,1,0,0,0,1.0,0,0,0,1,0,0,0,0,0,0,0,0,0,1,0,0,0,0,0,0,0,0,1,0,0,0,False,True,False,False,False,True,False,False,False,False,True,False,True,False,False,True,True,False,False,False,True
152,5,0,0,1,0,1.0,0,0,0,1,0,0,0,0,0,0,1,0,0,0,0,0,0,0,0,0,1,0,0,0,0,0,False,True,False,False,False,True,False,False,False,False,True,False,True,False,False,True,True,False,False,True,False
153,4,0,0,1,0,1.0,0,0,0,1,0,0,0,0,0,0,1,0,0,1,0,0,0,0,0,0,0,0,0,1,0,0,False,True,False,False,False,True,False,False,False,False,True,False,True,False,True,False,True,False,True,False,False
154,3,0,0,1,0,1.0,0,0,0,0,0,1,0,0,0,0,0,0,0,1,0,0,0,0,0,1,0,0,0,0,0,0,False,True,False,False,False,False,True,False,False,False,False,True,False,True,False,True,False,True,False,False,True
155,4,0,0,1,0,1.0,0,0,0,1,0,0,0,0,0,0,1,0,0,0,0,0,0,0,0,0,0,0,0,1,0,0,False,True,False,False,False,True,False,False,False,True,False,False,True,False,True,False,True,False,False,False,True
156,4,1,0,1,0,2.0,0,1,0,0,0,0,0,0,1,0,1,0,0,0,0,0,0,0,0,0,0,0,0,1,0,0,False,True,False,False,False,False,True,False,False,False,False,True,False,True,False,True,True,False,False,False,True
157,5,0,0,1,0,1.0,1,0,0,0,0,0,0,0,0,0,1,0,0,0,0,0,0,0,0,0,1,0,0,0,0,0,False,True,False,False,False,False,True,False,True,False,False,False,True,False,True,False,True,False,False,False,True
158,4,0,0,1,0,1.0,0,0,0,1,0,0,0,0,0,0,1,0,0,0,0,0,0,0,0,0,1,0,0,1,0,0,False,True,False,False,False,False,True,False,False,False,False,True,True,False,True,False,True,False,False,False,True
159,3,0,0,1,0,1.0,0,0,0,1,0,0,0,0,0,0,1,0,0,0,0,0,0,0,0,0,1,0,1,0,0,0,False,True,False,False,False,True,False,False,False,True,False,False,True,False,True,False,True,False,False,False,True
160,4,0,1,1,0,2.0,0,0,0,1,0,0,0,0,0,0,1,0,0,1,0,0,1,0,0,0,1,0,0,0,0,0,False,True,False,False,False,False,True,False,False,False,True,False,True,False,True,False,True,False,False,False,True
161,4,1,1,1,0,3.0,0,0,0,1,0,0,0,0,0,0,1,0,0,0,0,0,0,0,0,0,1,0,0,1,0,0,False,True,False,False,False,False,True,False,False,False,False,True,False,True,False,True,True,False,False,False,True
162,4,0,0,1,0,1.0,0,0,0,0,0,1,0,0,0,0,0,0,0,1,0,0,0,0,0,0,1,0,1,0,0,0,False,True,False,False,False,True,False,False,True,False,False,False,True,False,True,False,True,False,False,True,False
163,4,0,0,1,0,1.0,0,0,0,1,0,0,0,0,0,0,1,0,0,0,0,0,0,0,0,0,0,0,0,1,0,0,False,True,False,False,False,True,False,False,False,False,True,False,True,False,True,False,True,False,False,False,True
164,5,0,0,1,0,1.0,0,0,0,1,0,0,0,0,0,0,1,1,1,0,0,0,0,0,0,0,1,0,0,1,0,0,False,True,False,False,False,True,False,False,False,True,False,False,True,False,True,False,True,False,False,False,True
165,3,0,1,0,0,1.0,1,0,0,0,0,0,0,0,0,0,0,1,0,0,0,0,0,0,0,0,1,0,0,0,0,0,True,False,False,False,False,True,False,False,False,False,True,False,True,False,False,True,False,True,False,True,False
166,3,0,1,0,0,1.0,0,0,0,0,0,0,1,0,0,0,0,1,1,0,0,0,0,0,0,0,1,0,1,0,0,0,False,True,False,False,False,True,False,False,False,False,True,False,False,True,False,True,False,True,True,False,False
167,2,0,1,0,0,1.0,1,0,0,0,0,0,0,0,0,0,0,0,0,1,0,0,0,0,0,0,1,0,0,0,0,0,True,False,False,False,False,True,False,False,False,True,False,False,False,True,False,True,False,True,True,False,False
168,2,1,0,0,0,1.0,0,0,0,0,0,0,1,0,0,0,0,0,0,1,0,0,0,0,0,0,1,0,0,0,0,0,True,False,False,False,False,True,False,False,False,False,True,False,True,False,False,True,False,True,False,True,False
169,3,1,0,0,0,1.0,1,0,0,0,0,0,0,0,0,0,0,1,0,0,0,0,0,0,0,0,1,0,0,1,0,0,True,False,False,False,False,True,False,False,False,True,False,False,True,False,False,True,False,True,True,False,False
170,2,1,0,0,0,1.0,1,0,0,0,0,0,0,0,0,0,0,0,0,1,0,0,0,0,0,0,1,0,0,0,0,0,False,True,False,False,False,True,False,False,False,False,True,False,True,False,True,False,False,True,False,True,False
171,2,1,1,0,0,2.0,1,0,0,0,0,0,0,0,0,0,0,0,0,1,0,0,0,0,0,0,0,0,1,0,0,0,False,True,False,False,False,True,False,False,False,False,True,False,True,False,True,False,False,True,False,True,False
172,4,0,1,0,0,1.0,1,0,0,0,0,0,0,0,0,0,0,1,0,0,0,0,0,0,0,1,1,0,0,0,0,0,True,False,False,False,False,True,False,False,False,False,True,False,False,True,True,False,False,True,True,False,False
173,2,0,1,0,0,1.0,1,0,0,0,0,0,0,0,0,0,0,0,0,1,0,0,0,0,0,1,1,0,0,0,0,0,False,False,False,True,False,True,False,False,False,True,False,False,False,True,False,True,False,True,False,True,False
174,2,1,1,0,0,2.0,1,0,0,0,0,0,0,0,0,0,0,0,0,1,0,0,0,0,0,0,0,0,1,0,0,0,False,True,False,False,False,True,False,False,False,False,False,True,True,False,False,True,False,True,False,True,False
175,3,1,0,0,0,1.0,0,0,0,1,0,0,0,0,0,0,0,1,0,0,0,0,0,0,0,0,0,0,1,0,0,0,False,False,True,False,False,False,True,False,False,True,False,False,True,False,True,False,False,True,False,True,False
176,3,0,1,0,0,1.0,0,0,0,0,0,0,1,0,0,0,1,0,0,0,0,0,0,0,0,0,1,0,1,0,0,0,True,False,False,False,False,False,True,False,False,True,False,False,True,False,False,True,False,True,False,True,False
177,2,1,0,0,1,2.0,1,0,0,0,0,0,0,0,0,0,0,0,0,1,0,0,0,0,0,0,1,0,0,1,0,0,True,False,False,False,False,True,False,False,False,False,True,False,False,True,False,True,False,True,True,False,False
178,2,1,1,0,0,2.0,1,0,0,0,0,0,0,0,0,0,0,1,0,1,0,0,0,0,0,1,0,0,1,0,0,0,False,True,False,False,False,True,False,False,False,True,False,False,True,False,False,True,True,False,True,False,False
179,3,0,1,0,0,1.0,1,0,0,0,0,0,0,0,0,0,1,0,0,0,0,0,0,0,0,0,1,0,0,0,0,0,False,True,False,False,False,True,False,False,False,True,False,False,True,False,False,True,False,True,True,False,False
180,2,0,1,0,0,1.0,1,0,0,0,0,0,0,0,0,0,0,0,0,1,0,0,0,0,0,1,0,0,1,0,0,0,False,False,True,False,False,True,False,False,False,False,True,False,True,False,False,True,True,False,True,False,False
181,3,1,0,0,0,1.0,1,0,0,0,0,0,0,0,0,0,0,0,0,1,0,0,0,0,0,0,1,0,0,0,0,0,False,True,False,False,False,True,False,False,False,True,False,False,True,False,False,True,True,False,False,True,False
182,4,1,0,1,1,3.0,1,0,0,0,0,0,0,0,0,0,0,1,0,1,0,0,0,0,0,0,0,0,1,0,0,0,True,False,False,False,False,True,False,False,False,True,False,False,True,False,True,False,False,True,False,True,False
183,2,0,0,0,1,1.0,0,1,0,0,0,0,0,0,1,0,0,0,0,1,0,0,0,0,0,1,0,0,1,0,0,0,False,False,True,False,False,False,False,True,False,False,False,True,False,True,False,True,True,False,False,True,False
184,2,1,0,0,0,1.0,0,0,0,0,0,0,1,0,0,0,0,0,0,1,0,0,0,0,0,0,1,0,0,0,0,0,False,True,False,False,False,True,False,False,False,True,False,False,True,False,True,False,False,True,False,True,False
185,2,0,1,0,0,1.0,1,0,0,0,0,0,0,0,0,0,0,0,1,0,0,0,0,0,0,0,1,0,0,0,0,0,False,True,False,False,False,False,False,True,False,True,False,False,True,False,True,False,False,True,False,True,False
186,2,0,1,0,0,1.0,0,0,0,1,0,0,0,0,0,0,0,0,1,0,0,0,0,0,0,0,1,0,0,0,0,0,False,False,True,False,False,True,False,False,False,True,False,False,False,True,True,False,True,False,False,False,True
187,2,0,0,1,0,1.0,0,0,0,1,0,0,0,0,0,0,1,0,0,0,0,0,0,0,0,0,0,0,0,1,0,0,True,False,False,False,False,False,True,False,False,True,False,False,True,False,True,False,True,False,False,False,True
188,4,0,0,1,0,1.0,0,0,0,1,0,0,0,0,0,0,0,0,0,1,0,0,0,0,0,0,1,0,0,0,0,0,False,False,True,False,False,False,True,False,False,True,False,False,True,False,True,False,True,False,False,False,True
189,4,0,0,1,0,1.0,0,0,0,1,0,0,0,0,0,0,1,0,0,0,0,0,0,0,0,0,1,0,0,0,0,0,False,True,False,False,False,True,False,False,False,False,False,True,True,False,True,False,True,False,False,False,True
190,3,0,0,1,0,1.0,0,0,0,0,0,0,0,0,0,1,1,0,0,0,0,0,0,0,0,0,1,0,0,1,0,0,False,True,False,False,False,False,True,False,True,False,False,False,True,False,True,False,True,False,False,False,True
191,4,0,0,1,0,1.0,0,0,0,1,0,0,0,0,0,0,1,0,0,0,0,0,0,0,0,0,1,0,1,1,0,0,False,True,False,False,False,False,True,False,False,False,False,True,True,False,True,False,True,False,False,False,True
192,5,0,0,1,0,1.0,0,0,0,1,0,0,0,0,0,0,1,0,0,0,0,0,0,0,0,0,0,0,0,1,0,0,False,False,True,False,False,True,False,False,False,False,True,False,True,False,True,False,True,False,False,True,False
193,5,0,0,1,0,1.0,0,0,0,1,0,0,0,0,0,0,1,0,1,1,0,0,0,0,0,0,1,0,0,0,0,0,False,True,False,False,False,True,False,False,False,True,False,False,True,False,True,False,True,False,True,False,False
194,4,0,0,1,0,1.0,0,0,0,1,0,0,0,0,0,0,1,0,0,0,0,0,0,0,0,0,1,0,0,1,0,0,False,True,False,False,False,True,False,False,False,False,True,False,True,False,True,False,True,False,False,False,True
195,5,0,0,1,0,1.0,0,0,0,1,0,0,0,0,0,0,1,0,0,0,0,0,0,0,0,0,0,0,0,1,0,0,False,False,True,False,False,True,False,False,False,False,False,True,False,True,False,True,True,False,False,False,True
196,5,0,0,1,0,1.0,0,1,0,0,0,0,0,0,1,0,1,0,0,0,0,0,0,0,0,0,0,0,0,1,0,0,False,True,False,False,False,True,False,False,False,False,True,False,True,False,True,False,True,False,False,False,True
197,4,0,0,1,0,1.0,0,0,0,1,0,0,0,0,0,0,1,0,0,0,0,0,0,0,0,0,1,0,0,0,0,0,False,True,False,False,False,True,False,False,False,False,True,False,True,False,True,False,True,False,False,True,False
198,4,0,0,1,0,1.0,0,0,0,0,0,1,0,0,0,0,0,0,0,1,0,0,0,0,0,0,1,0,0,1,0,0,False,True,False,False,False,True,False,False,False,True,False,False,True,False,False,True,True,False,False,False,True
199,3,0,0,1,0,1.0,0,0,0,1,0,0,0,0,0,0,1,0,0,0,0,0,0,0,0,0,0,0,0,1,0,0,False,True,False,False,False,False,True,False,False,False,True,False,True,False,True,False,True,False,False,False,True
200,1,0,0,1,0,1.0,0,0,0,1,0,0,0,0,0,0,1,1,1,0,0,0,1,0,0,0,1,0,0,0,0,0,False,True,False,False,False,False,True,False,True,False,False,False,True,False,True,False,True,False,False,False,True
201,3,0,0,1,0,1.0,0,0,0,0,0,1,0,0,0,0,1,0,0,1,0,0,1,0,0,1,1,0,0,1,0,0,False,True,False,False,False,True,False,False,False,False,True,False,True,False,True,False,True,False,False,False,True
202,4,0,0,1,0,1.0,0,0,0,0,0,1,0,0,0,0,1,1,1,1,0,0,0,0,0,0,1,0,1,1,0,0,False,True,False,False,False,True,False,False,False,False,False,True,True,False,True,False,True,False,False,False,True
203,5,0,0,1,0,1.0,0,0,0,1,0,0,0,0,0,0,1,1,0,0,0,0,0,0,0,0,1,0,0,0,0,0,False,True,False,False,False,True,False,False,True,False,False,False,False,True,False,True,True,False,False,False,True
204,4,1,0,1,0,2.0,1,0,0,0,0,0,0,0,0,0,1,0,0,0,0,0,0,0,0,1,1,0,0,1,0,0,False,True,False,False,False,False,True,False,False,True,False,False,True,False,False,True,True,False,False,True,False
205,3,1,0,1,0,2.0,0,0,0,1,0,0,0,0,0,0,1,0,0,1,0,0,0,0,0,0,1,0,0,1,0,0,False,True,False,False,False,False,True,False,False,False,False,True,True,False,True,False,True,False,False,False,True
206,4,0,0,1,0,1.0,0,0,0,1,0,0,0,0,0,0,1,1,0,1,0,0,0,0,0,0,1,0,1,0,0,0,False,True,False,False,False,False,True,False,False,False,True,False,True,False,True,False,True,False,True,False,False
207,5,0,0,1,0,1.0,0,0,0,1,0,0,0,0,0,0,1,0,0,0,0,0,0,0,0,0,0,0,0,1,0,0,False,True,False,False,False,True,False,False,False,False,True,False,True,False,True,False,True,False,False,False,True
208,5,0,0,1,0,1.0,0,0,0,1,0,0,0,0,0,0,1,0,1,0,0,0,0,0,0,0,1,0,1,1,0,0,False,True,False,False,False,True,False,False,False,False,False,True,True,False,True,False,True,False,False,False,True
209,5,0,0,1,0,1.0,0,0,0,1,0,0,0,0,0,0,1,0,0,0,0,0,0,0,0,0,1,0,0,0,0,0,False,True,False,False,False,True,False,False,False,False,False,True,True,False,True,False,True,False,False,False,True
210,4,1,0,1,0,2.0,1,0,0,0,0,0,0,0,0,0,1,0,1,1,0,0,0,0,0,1,1,0,1,1,0,0,False,True,False,False,False,False,True,False,False,False,False,True,True,False,True,False,True,False,False,False,True
211,4,0,0,1,0,1.0,1,0,0,0,0,0,0,0,0,0,1,0,0,1,0,0,0,0,0,0,0,0,0,1,0,0,False,True,False,False,False,True,False,False,False,True,False,False,True,False,False,True,True,False,False,False,True
212,3,0,0,1,0,1.0,0,0,0,1,0,0,0,0,0,0,1,0,0,0,0,0,0,0,0,0,0,0,0,1,0,0,False,True,False,False,False,True,False,False,False,True,False,False,True,False,True,False,True,False,False,False,True
213,5,0,0,1,0,1.0,0,0,0,1,0,0,0,0,0,0,1,0,0,0,0,0,0,0,0,1,1,0,0,0,0,0,False,True,False,False,False,True,False,False,True,False,False,False,True,False,False,True,True,False,False,False,True
214,5,0,0,1,0,1.0,0,0,0,1,0,0,0,0,0,0,1,1,1,1,0,0,0,0,0,0,1,0,1,0,0,0,False,True,False,False,False,False,True,False,False,False,False,True,True,False,True,False,True,False,False,False,True
215,5,0,0,1,0,1.0,1,0,0,0,0,0,0,0,0,0,1,0,0,0,0,0,1,0,0,0,1,0,1,0,0,0,False,True,False,False,False,False,True,False,False,False,True,False,True,False,True,False,True,False,False,False,True
216,3,0,0,1,0,1.0,0,0,0,1,0,0,0,0,0,0,1,0,0,0,0,0,0,0,0,0,1,0,0,1,0,0,False,True,False,False,False,True,False,False,False,True,False,False,True,False,True,False,True,False,False,False,True
217,4,0,0,1,0,1.0,0,0,0,1,0,0,0,0,0,0,1,0,0,0,0,0,0,0,0,0,1,0,0,0,0,0,False,True,False,False,False,True,False,False,False,False,True,False,True,False,True,False,True,False,False,True,False
218,5,1,0,0,0,1.0,0,0,0,1,0,0,0,0,0,0,1,0,0,0,0,0,0,0,0,0,0,0,0,1,0,0,False,True,False,False,False,True,False,False,False,False,False,True,True,False,True,False,True,False,False,False,True
219,4,0,0,1,0,1.0,0,0,0,0,0,1,0,0,0,0,1,0,0,0,0,0,0,0,0,0,1,0,0,0,0,0,False,True,False,False,False,False,True,False,False,False,False,True,False,True,False,True,True,False,False,False,True
220,2,0,0,1,0,1.0,0,0,0,0,0,0,0,1,0,0,1,0,0,0,0,0,0,0,0,0,0,0,0,1,0,0,False,True,False,False,False,False,True,False,False,False,True,False,True,False,True,False,True,False,False,False,True
221,5,1,1,1,1,4.0,0,0,0,1,0,0,0,0,0,0,1,0,0,1,0,0,1,0,0,0,0,0,0,1,0,0,False,True,False,False,False,True,False,False,False,False,False,True,True,False,False,True,True,False,False,False,True
222,2,0,0,1,0,1.0,0,0,0,1,0,0,0,0,0,0,1,0,0,0,0,0,0,0,0,0,0,0,1,0,0,0,False,True,False,False,False,True,False,False,True,False,False,False,True,False,True,False,True,False,False,False,True
223,5,0,0,1,0,1.0,0,0,0,1,0,0,0,0,0,0,1,0,0,0,0,0,0,0,0,0,0,0,0,1,0,0,False,True,False,False,False,True,False,False,True,False,False,False,True,False,True,False,False,True,True,False,False
224,3,0,0,1,0,1.0,0,0,0,1,0,0,0,0,0,0,1,0,0,0,0,0,0,0,0,0,0,0,0,1,0,0,False,True,False,False,False,True,False,False,True,False,False,False,True,False,True,False,True,False,False,False,True
225,5,0,0,1,0,1.0,0,0,0,1,0,0,0,0,0,0,1,1,0,0,0,0,0,0,0,0,1,0,0,1,0,0,False,True,False,False,False,True,False,False,False,False,False,True,True,False,False,True,True,False,False,False,True
226,3,0,0,1,0,1.0,0,0,0,1,0,0,0,0,0,0,1,0,0,0,0,0,0,0,0,0,1,0,0,0,0,0,False,True,False,False,False,True,False,False,False,False,True,False,True,False,True,False,True,False,False,False,True
227,4,0,0,1,0,1.0,0,0,0,0,0,0,1,0,0,0,1,0,0,1,0,0,0,0,0,0,1,0,0,0,0,0,False,True,False,False,False,True,False,False,False,False,True,False,True,False,True,False,True,False,True,False,False
228,3,0,0,1,0,1.0,0,0,0,1,0,0,0,0,0,0,1,0,0,0,0,0,1,0,0,0,0,0,1,0,0,0,False,True,False,False,False,False,True,False,False,False,False,True,True,False,True,False,True,False,False,True,False
229,4,0,0,1,0,1.0,0,0,0,0,0,1,0,0,0,0,1,0,0,0,0,0,0,0,0,0,1,0,0,0,0,0,False,True,False,False,False,False,True,False,False,False,True,False,True,False,True,False,True,False,False,False,True
230,4,0,0,1,0,1.0,0,0,0,1,0,0,0,0,0,0,1,0,0,0,0,0,0,0,0,0,0,0,1,0,0,0,False,True,False,False,False,False,True,False,False,False,True,False,True,False,True,False,True,False,False,True,False
231,4,0,0,1,0,1.0,0,0,0,1,0,0,0,0,0,0,1,1,0,0,0,0,0,0,0,0,1,0,0,0,0,0,False,True,False,False,False,False,True,False,False,False,False,True,True,False,True,False,True,False,False,True,False
232,5,0,0,1,0,1.0,0,0,0,0,0,1,0,0,0,0,1,1,0,0,0,0,0,0,0,0,1,0,0,0,0,0,False,True,False,False,False,True,False,False,False,False,True,False,True,False,True,False,True,False,False,False,True
233,4,0,0,1,0,1.0,0,0,0,1,0,0,0,0,0,0,1,0,0,0,0,0,0,0,0,1,1,0,0,1,0,0,False,True,False,False,False,True,False,False,False,True,False,False,True,False,False,True,True,False,False,False,True
234,5,0,0,1,0,1.0,0,0,0,1,0,0,0,0,0,0,1,0,0,0,0,0,0,0,0,0,1,0,0,0,0,0,False,True,False,False,False,True,False,False,True,False,False,False,False,True,True,False,True,False,False,False,True
235,4,0,0,1,0,1.0,1,0,0,0,0,0,0,0,0,0,0,0,0,1,0,0,0,0,0,0,1,0,1,0,0,0,False,True,False,False,False,True,False,False,False,False,False,True,True,False,True,False,True,False,False,False,True
236,4,0,0,1,0,1.0,0,0,0,1,0,0,0,0,0,0,1,1,0,0,0,0,0,0,0,0,1,0,1,1,0,0,False,True,False,False,False,True,False,False,False,False,True,False,True,False,False,True,True,False,False,False,True
237,2,0,0,1,0,1.0,0,0,0,1,0,0,0,0,0,0,0,1,0,0,0,0,0,0,0,0,0,0,0,1,0,0,False,True,False,False,False,True,False,False,False,False,False,True,True,False,True,False,True,False,False,False,True
238,5,0,0,1,1,2.0,1,1,1,1,1,1,1,1,1,1,0,0,0,1,0,0,0,0,0,0,0,0,0,1,0,0,False,True,False,False,False,True,False,False,False,False,False,True,True,False,False,True,True,False,False,False,True
239,5,0,0,1,0,1.0,0,0,0,1,0,0,0,0,0,0,1,0,0,0,0,0,0,0,0,0,0,0,1,0,0,0,False,True,False,False,False,True,False,False,False,True,False,False,True,False,True,False,True,False,True,False,False
240,5,0,0,1,0,1.0,0,0,0,1,0,0,0,0,0,0,1,0,0,1,0,0,1,0,0,0,0,0,1,0,0,0,False,True,False,False,False,True,False,False,False,False,True,False,True,False,True,False,True,False,False,False,True
241,4,0,0,1,0,1.0,0,0,0,1,0,0,0,0,0,0,1,0,0,0,0,0,0,0,0,0,1,0,0,0,0,0,False,True,False,False,False,True,False,False,False,False,True,False,True,False,True,False,True,False,False,False,True
242,4,0,0,1,0,1.0,0,0,0,1,0,0,0,0,0,0,1,0,0,0,0,0,0,0,0,0,1,0,0,0,0,0,False,True,False,False,False,True,False,False,False,True,False,False,True,False,True,False,True,False,False,False,True
243,5,0,0,1,0,1.0,0,0,0,0,0,1,0,0,0,0,1,1,0,0,0,0,0,0,0,0,1,0,0,1,0,0,False,True,False,False,False,True,False,False,False,False,False,True,False,True,False,True,True,False,False,False,True
244,3,0,0,1,0,1.0,1,0,0,0,0,0,0,0,0,0,0,0,1,0,0,0,0,0,0,0,0,0,0,1,0,0,True,False,False,False,False,False,True,False,False,True,False,False,True,False,True,False,True,False,False,False,True
245,3,0,0,1,0,1.0,1,0,0,0,0,0,0,0,0,0,0,0,1,0,0,0,0,0,0,0,0,0,0,1,0,0,True,False,False,False,False,False,True,False,False,True,False,False,True,False,True,False,True,False,False,False,True
246,3,0,0,1,0,1.0,0,0,0,1,0,0,0,0,0,0,1,0,0,0,0,0,0,0,0,0,1,0,0,0,0,0,False,True,False,False,False,True,False,False,False,False,False,True,False,True,False,True,True,False,False,False,True
247,5,0,0,1,0,1.0,0,0,0,1,0,0,0,0,0,0,1,0,0,0,0,0,0,0,0,1,0,0,0,0,0,0,False,True,False,False,False,True,False,False,False,False,False,True,True,False,True,False,True,False,False,False,True
248,5,1,0,1,0,2.0,0,0,0,0,0,1,0,0,0,0,1,0,0,0,0,0,1,0,0,0,0,0,1,0,0,0,False,True,False,False,False,False,True,False,False,True,False,False,True,False,True,False,True,False,False,False,True
249,3,1,0,1,0,2.0,0,0,0,1,0,0,0,0,0,0,1,0,0,0,0,0,1,0,0,1,1,0,0,0,0,0,False,True,False,False,False,False,True,False,False,False,True,False,False,True,False,True,True,False,True,False,False
250,3,0,0,0,1,1.0,0,0,0,1,0,0,0,0,0,0,1,0,0,0,0,0,0,0,0,0,1,0,0,0,0,0,False,True,False,False,False,True,False,False,True,False,False,False,True,False,True,False,True,False,False,True,False
251,4,1,1,1,1,4.0,0,0,0,1,0,0,0,0,0,0,1,1,1,1,0,0,0,0,0,0,1,0,1,1,0,0,False,True,False,False,False,True,False,False,False,False,True,False,True,False,True,False,True,False,False,True,False
252,3,0,0,1,0,1.0,1,0,0,0,0,0,0,0,0,0,1,0,1,1,0,0,0,0,0,0,1,0,0,1,0,0,False,True,False,False,False,True,False,False,False,False,False,True,True,False,True,False,False,True,False,False,True
253,3,0,0,1,0,1.0,0,0,0,0,0,1,0,0,0,0,1,1,1,1,0,0,1,0,0,1,1,0,1,1,0,0,False,True,False,False,False,True,False,False,False,False,False,True,True,False,True,False,True,False,False,False,True
254,5,0,0,1,0,1.0,1,1,1,1,1,1,1,1,1,1,1,0,1,1,0,0,0,1,0,0,0,0,0,0,0,0,False,True,False,False,False,False,True,False,False,False,False,True,True,False,True,False,True,False,False,False,True
255,3,0,0,1,0,1.0,0,0,0,0,0,1,0,0,0,0,0,1,0,1,0,0,1,0,0,0,1,0,1,0,0,0,False,True,False,False,False,True,False,False,False,False,True,False,True,False,True,False,True,False,False,True,False
256,4,0,0,1,0,1.0,0,0,0,1,0,0,0,0,0,0,1,0,0,0,0,0,0,0,0,0,0,0,1,0,0,0,False,True,False,False,False,True,False,False,False,False,True,False,True,False,False,True,True,False,False,True,False
257,4,1,0,1,0,2.0,0,0,0,1,0,0,0,0,0,0,1,0,1,0,0,0,0,0,0,0,1,0,1,1,0,0,False,True,False,False,False,True,False,False,False,False,True,False,True,False,True,False,True,False,False,False,True
258,4,0,0,1,0,1.0,0,0,0,0,0,0,1,0,0,0,1,0,0,0,0,0,1,0,0,0,0,0,0,0,0,0,False,True,False,False,False,False,True,False,False,True,False,False,True,False,True,False,True,False,False,True,False
259,3,0,0,1,0,1.0,0,0,0,0,0,1,0,0,0,0,1,0,0,0,0,0,0,0,0,0,1,0,0,0,0,0,False,True,False,False,False,True,False,False,False,False,False,True,True,False,True,False,True,False,False,True,False
260,3,1,1,1,1,4.0,0,0,0,0,0,1,0,0,0,0,1,1,0,1,0,0,1,0,0,1,1,0,1,1,0,0,True,False,False,False,False,False,True,False,False,False,False,True,False,True,False,True,True,False,False,False,True
261,2,0,0,1,0,1.0,0,0,0,1,0,0,0,0,0,0,1,1,0,1,0,0,0,0,0,0,1,0,1,1,0,0,False,True,False,False,False,True,False,False,False,True,False,False,True,False,True,False,True,False,False,False,True
262,5,0,0,1,0,1.0,0,1,0,0,0,0,0,0,1,0,1,1,1,0,0,0,0,0,0,0,1,0,1,1,0,0,False,True,False,False,False,True,False,False,False,False,False,True,True,False,True,False,True,False,False,False,True
263,5,0,0,1,0,1.0,0,0,0,0,0,1,0,0,0,0,1,0,0,0,0,0,0,0,0,0,0,0,0,1,0,0,False,True,False,False,False,True,False,False,True,False,False,False,True,False,False,True,True,False,False,False,True
264,5,0,0,1,0,1.0,0,0,1,0,0,0,0,0,0,0,0,0,0,1,0,0,0,0,0,1,0,0,1,1,0,0,False,True,False,False,False,True,False,False,False,False,False,True,True,False,True,False,True,False,False,False,True
265,5,0,0,1,0,1.0,0,0,0,1,0,0,0,0,0,0,1,0,0,0,0,0,0,0,0,1,1,0,0,0,0,0,False,True,False,False,False,True,False,False,False,True,False,False,True,False,True,False,True,False,False,False,True
266,3,1,0,1,0,2.0,0,0,0,1,0,0,0,0,0,0,1,0,1,1,0,0,0,0,0,0,1,0,1,1,0,0,False,True,False,False,False,True,False,False,False,False,True,False,True,False,True,False,True,False,True,False,False
267,3,0,0,1,0,1.0,0,0,0,1,0,0,0,0,0,0,1,0,0,0,0,0,0,0,0,0,1,0,1,1,0,0,False,True,False,False,False,True,False,False,False,False,False,True,True,False,True,False,True,False,True,False,False
268,3,0,0,1,0,1.0,0,0,0,1,0,0,0,0,0,0,1,0,0,0,0,0,0,0,0,0,1,0,0,0,0,0,False,True,False,False,False,True,False,False,False,False,True,False,True,False,False,True,True,False,False,True,False
269,4,0,0,1,0,1.0,0,0,0,0,0,1,0,0,0,0,0,0,1,0,0,0,0,0,0,0,1,0,0,0,0,0,False,True,False,False,False,True,False,False,False,False,True,False,True,False,True,False,True,False,True,False,False
270,4,0,0,1,0,1.0,0,0,0,1,0,0,0,0,0,0,1,0,0,0,0,0,0,0,0,0,1,0,0,1,0,0,False,True,False,False,False,True,False,False,True,False,False,False,True,False,True,False,True,False,False,False,True
271,3,1,0,1,0,2.0,0,0,0,1,0,0,0,0,0,0,1,1,1,1,0,0,0,0,0,0,1,0,1,1,0,0,False,True,False,False,False,True,False,False,False,False,False,True,True,False,True,False,True,False,False,False,True
272,1,1,0,0,0,1.0,1,0,0,0,0,0,0,0,0,0,0,0,0,1,0,0,0,0,0,0,0,0,1,0,0,0,False,True,False,False,False,True,False,False,False,True,False,False,True,False,False,True,False,True,False,True,False
273,3,1,0,0,0,1.0,1,0,0,0,0,0,0,0,0,0,0,1,0,0,0,0,0,0,0,0,1,0,0,0,0,0,True,False,False,False,False,True,False,False,False,True,False,False,False,True,False,True,False,True,True,False,False
274,3,1,0,0,0,1.0,1,0,0,0,0,0,0,0,0,0,0,1,0,0,0,0,0,0,0,0,1,0,0,0,0,0,False,True,False,False,False,True,False,False,False,True,False,False,True,False,False,True,False,True,True,False,False
275,3,1,0,0,0,1.0,0,0,0,0,0,0,1,0,0,0,0,1,0,0,0,0,0,0,0,1,0,0,0,0,0,0,True,False,False,False,False,True,False,False,False,False,True,False,True,False,False,True,False,True,True,False,False
276,2,1,0,0,0,1.0,1,0,0,0,0,0,0,0,0,0,0,1,0,0,0,0,0,0,0,0,1,0,0,0,0,0,False,True,False,False,False,True,False,False,False,True,False,False,True,False,False,True,False,True,True,False,False
277,3,1,0,0,0,1.0,0,0,0,0,0,0,1,0,0,0,0,0,0,1,0,0,0,0,0,0,1,0,0,0,0,0,False,True,False,False,False,True,False,False,False,True,False,False,True,False,False,True,True,False,False,True,False
278,3,0,1,0,0,1.0,1,0,0,0,0,0,0,0,0,0,0,0,0,1,0,0,0,0,0,1,0,0,0,0,0,0,True,False,False,False,False,True,False,False,False,True,False,False,False,True,False,True,False,True,False,True,False
279,5,0,0,1,0,1.0,0,0,0,1,0,0,0,0,0,0,1,0,0,0,0,0,0,0,0,0,1,0,1,1,0,0,True,False,False,False,False,True,False,False,False,False,True,False,True,False,False,True,True,False,False,False,True
280,4,1,0,0,0,1.0,0,0,0,0,0,0,1,0,0,0,0,1,0,0,0,0,0,0,0,0,0,0,1,0,0,0,True,False,False,False,False,True,False,False,False,True,False,False,True,False,False,True,False,True,False,True,False
281,2,0,1,0,0,1.0,1,0,0,0,0,0,0,0,0,0,0,1,0,0,0,0,0,0,0,0,0,0,1,0,0,0,False,True,False,False,False,True,False,False,False,False,True,False,True,False,False,True,False,True,True,False,False
282,2,0,1,0,0,1.0,1,0,0,0,0,0,0,0,0,0,0,1,0,0,0,0,0,0,0,1,1,0,0,1,0,0,False,True,False,False,False,True,False,False,False,False,True,False,True,False,False,True,True,False,True,False,False
283,2,1,0,0,1,2.0,0,0,0,0,0,0,1,0,0,0,0,0,0,1,0,0,0,0,0,0,1,0,1,1,0,0,False,True,False,False,False,True,False,False,False,True,False,False,False,True,False,True,False,True,False,True,False
284,3,1,1,0,0,2.0,0,0,0,0,0,1,0,0,0,0,0,1,0,1,0,0,0,0,0,1,1,0,1,0,0,0,False,True,False,False,False,True,False,False,False,False,True,False,False,True,False,True,False,True,True,False,False
285,3,1,0,0,0,1.0,1,0,0,0,0,0,0,0,0,0,0,0,0,1,0,0,0,0,0,1,1,0,1,0,0,0,False,True,False,False,False,False,False,True,False,False,True,False,True,False,False,True,False,True,True,False,False
286,2,1,1,1,0,3.0,1,0,0,0,0,0,0,0,0,0,0,1,0,1,0,0,1,0,0,1,1,0,0,0,0,0,False,True,False,False,False,True,False,False,False,True,False,False,False,True,True,False,False,True,False,True,False
287,3,1,1,0,1,3.0,0,0,0,1,0,0,0,0,0,0,1,1,0,0,0,0,0,0,0,1,1,0,1,0,0,0,False,True,False,False,False,True,False,False,False,False,True,False,True,False,True,False,True,False,False,False,True
288,3,1,1,0,0,2.0,1,0,0,0,0,0,0,0,0,0,0,1,0,1,0,0,0,0,0,1,1,0,1,0,0,0,False,True,False,False,False,True,False,False,False,False,True,False,False,True,True,False,False,True,True,False,False
289,3,1,1,0,1,3.0,1,0,0,0,0,0,0,0,0,0,0,1,1,1,0,0,1,0,0,1,0,0,1,0,0,0,False,True,False,False,False,True,False,False,False,True,False,False,False,True,False,True,True,False,False,True,False
290,2,1,0,1,0,2.0,0,0,0,0,0,0,1,0,0,0,1,1,0,0,0,0,1,0,0,1,1,0,0,0,0,0,True,False,False,False,False,True,False,False,False,True,False,False,False,True,False,True,False,True,True,False,False
291,3,0,1,0,0,1.0,1,0,0,0,0,0,0,0,0,0,0,0,1,0,0,0,0,0,0,1,1,0,0,0,0,0,True,False,False,False,False,True,False,False,False,True,False,False,True,False,True,False,False,True,True,False,False
292,3,1,1,0,0,2.0,1,0,0,0,0,0,0,0,0,0,0,1,0,0,0,0,0,0,0,0,1,0,0,0,0,0,False,True,False,False,False,True,False,False,False,True,False,False,True,False,False,True,True,False,True,False,False
293,3,1,1,0,0,2.0,1,0,0,0,0,0,0,0,0,0,0,0,0,1,0,0,0,0,0,0,1,0,0,0,0,0,False,False,True,False,False,True,False,False,False,False,True,False,True,False,True,False,True,False,False,True,False
294,2,1,0,1,0,2.0,0,0,0,0,0,1,0,0,0,0,1,1,0,1,0,0,0,0,0,1,1,0,1,0,0,0,False,False,True,False,False,True,False,False,True,False,False,False,False,True,True,False,False,True,False,True,False
295,2,0,1,0,1,2.0,0,0,0,1,0,0,0,0,0,0,0,0,0,1,0,0,0,0,0,0,1,0,0,0,0,0,False,False,True,False,False,True,False,False,False,True,False,False,True,False,True,False,False,True,True,False,False
296,2,1,1,0,0,2.0,1,0,0,0,0,0,0,0,0,0,0,1,0,0,0,0,0,0,0,0,0,0,1,0,0,0,False,True,False,False,False,True,False,False,False,False,True,False,False,True,False,True,False,True,True,False,False
297,3,1,1,0,0,2.0,0,0,0,1,0,0,0,0,0,0,1,1,0,1,0,0,0,0,0,1,1,0,1,0,0,0,True,False,False,False,False,True,False,False,False,True,False,False,True,False,True,False,True,False,True,False,False
298,3,1,0,0,0,1.0,1,0,0,0,0,0,0,0,0,0,0,1,0,0,0,0,0,0,0,0,0,0,1,0,0,0,False,True,False,False,False,True,False,False,False,True,False,False,False,True,True,False,True,False,False,False,True
299,3,1,0,0,1,2.0,0,0,0,0,0,0,1,0,0,0,1,1,0,0,0,0,0,0,0,0,1,0,1,0,0,0,True,False,False,False,False,True,False,False,False,False,True,False,False,True,False,True,False,True,True,False,False
300,4,0,0,1,0,1.0,0,0,0,1,0,0,0,0,0,0,1,0,0,0,0,0,0,0,0,0,1,0,0,0,0,0,False,True,False,False,False,True,False,False,False,True,False,False,True,False,True,False,True,False,False,False,True
301,3,0,1,0,0,1.0,0,0,0,0,0,0,1,0,0,0,0,0,0,1,0,0,0,0,0,0,1,0,0,0,0,0,False,False,True,False,False,True,False,False,False,False,True,False,False,True,False,True,False,True,True,False,False
302,3,1,0,0,0,1.0,0,0,0,0,0,0,1,0,0,0,0,1,0,1,0,0,0,0,0,1,0,0,0,0,0,0,False,True,False,False,False,True,False,False,False,True,False,False,True,False,False,True,False,True,True,False,False
303,3,0,0,1,0,1.0,0,0,0,1,0,0,0,0,0,0,1,1,0,1,0,0,1,0,0,0,1,0,1,0,0,0,False,True,False,False,False,False,True,False,False,False,True,False,True,False,True,False,True,False,False,False,True
304,2,1,0,0,0,1.0,0,0,0,0,0,0,1,0,0,0,0,0,0,1,0,0,0,0,0,0,1,0,0,0,0,0,False,True,False,False,False,True,False,False,False,True,False,False,False,True,False,True,True,False,False,True,False
305,3,0,1,0,0,1.0,1,0,0,0,0,0,0,0,0,0,0,1,0,0,0,0,0,0,0,0,1,0,0,0,0,0,False,True,False,False,False,True,False,False,False,False,True,False,False,True,True,False,True,False,False,False,True
306,3,1,0,0,0,1.0,0,0,0,1,0,0,0,0,0,0,1,1,0,1,0,0,1,0,0,1,1,0,0,0,0,0,False,True,False,False,False,True,False,False,False,True,False,False,True,False,False,True,False,True,True,False,False
307,2,1,1,0,0,2.0,1,0,0,0,0,0,0,0,0,0,1,0,0,1,0,0,1,0,0,0,0,0,0,0,0,0,False,True,False,False,False,True,False,False,False,False,True,False,False,True,False,True,False,True,True,False,False
308,2,1,0,0,0,1.0,0,0,0,0,0,0,1,0,0,0,0,0,0,1,0,0,0,0,0,0,0,0,1,0,0,0,False,True,False,False,False,True,False,False,False,False,True,False,False,True,True,False,False,True,True,False,False
309,2,0,1,0,0,1.0,1,0,0,0,0,0,0,0,0,0,0,1,0,0,0,0,1,0,0,0,1,0,1,0,0,0,False,True,False,False,False,True,False,False,False,False,True,False,True,False,False,True,False,True,True,False,False
310,4,1,1,0,0,2.0,0,0,0,0,0,0,1,0,0,0,0,0,0,1,0,0,0,0,0,1,1,0,1,0,0,0,False,True,False,False,False,True,False,False,False,True,False,False,True,False,False,True,False,True,True,False,False
311,3,1,0,0,1,2.0,0,0,0,1,0,0,0,0,0,0,1,0,0,1,0,0,0,0,0,1,0,0,1,0,0,0,False,True,False,False,False,True,False,False,False,True,False,False,True,False,True,False,False,True,False,True,False
312,2,1,0,0,0,1.0,1,0,0,0,0,0,0,0,0,0,0,1,0,1,0,0,0,0,0,0,0,0,1,0,0,0,True,False,False,False,False,True,False,False,False,True,False,False,False,True,True,False,True,False,True,False,False
313,3,1,1,0,0,2.0,0,0,0,1,0,0,0,0,0,0,0,0,1,1,0,0,1,0,0,1,1,0,0,0,0,0,False,True,False,False,False,True,False,False,False,True,False,False,False,True,False,True,False,True,False,True,False
314,2,1,0,0,0,1.0,1,0,0,0,0,0,0,0,0,0,0,0,0,1,0,0,0,0,0,0,1,0,0,0,0,0,False,True,False,False,False,False,False,True,False,False,True,False,False,True,True,False,True,False,True,False,False
315,3,0,1,0,0,1.0,1,0,0,0,0,0,0,0,0,0,0,1,0,1,0,0,0,0,0,0,1,0,0,0,0,0,True,False,False,False,False,True,False,False,False,True,False,False,True,False,True,False,False,True,True,False,False
316,2,0,1,0,0,1.0,0,0,0,1,0,0,0,0,0,0,0,1,0,0,0,0,0,0,0,0,1,0,0,0,0,0,False,True,False,False,False,True,False,False,False,True,False,False,False,True,True,False,True,False,True,False,False
317,3,0,1,0,0,1.0,0,0,0,1,0,0,0,0,0,0,0,1,0,0,0,0,0,0,0,0,0,0,1,0,0,0,False,True,False,False,False,True,False,False,False,False,True,False,False,True,False,True,False,True,True,False,False
318,3,0,1,0,0,1.0,0,0,0,0,0,0,1,0,0,0,0,1,0,0,0,0,0,0,0,0,1,0,0,0,0,0,False,True,False,False,False,True,False,False,False,False,True,False,True,False,False,True,True,False,True,False,False
319,3,1,0,0,0,1.0,1,0,0,0,0,0,0,0,0,0,0,1,0,0,0,0,0,0,0,0,1,0,0,0,0,0,True,False,False,False,False,True,False,False,False,True,False,False,False,True,False,True,False,True,False,True,False
320,3,1,0,0,0,1.0,1,0,0,0,0,0,0,0,0,0,0,1,0,0,0,0,0,0,0,0,1,0,0,1,0,0,True,False,False,False,False,True,False,False,False,True,False,False,True,False,False,True,True,False,True,False,False
321,2,0,0,1,0,1.0,0,0,0,0,0,1,0,0,0,0,1,0,1,0,0,0,0,0,0,0,0,0,0,1,0,0,False,True,False,False,False,True,False,False,False,False,False,True,True,False,True,False,True,False,False,False,True
322,4,0,0,1,0,1.0,0,0,0,0,0,1,0,0,0,0,1,0,0,0,0,0,0,0,0,0,0,0,0,1,0,0,False,True,False,False,False,True,False,False,False,False,True,False,True,False,True,False,True,False,False,False,True
323,4,0,0,1,0,1.0,0,0,0,1,0,0,0,0,0,0,1,1,0,1,0,0,0,0,0,0,1,0,0,1,0,0,False,True,False,False,False,True,False,False,False,False,False,True,True,False,False,True,True,False,False,False,True
324,3,0,0,1,0,1.0,0,0,0,1,0,0,0,0,0,0,1,0,1,1,0,0,0,0,0,0,0,0,0,1,0,0,False,True,False,False,False,True,False,False,False,True,False,False,True,False,True,False,True,False,False,False,True
325,3,0,0,1,0,1.0,1,0,0,0,0,0,0,0,0,0,1,0,0,1,0,0,0,0,0,1,1,0,0,1,0,0,False,True,False,False,False,True,False,False,True,False,False,False,True,False,True,False,True,False,False,True,False
326,3,0,0,1,0,1.0,1,0,0,0,0,0,0,0,0,0,0,1,0,0,0,0,0,0,0,0,0,0,0,1,0,0,False,True,False,False,False,True,False,False,False,False,False,True,True,False,True,False,True,False,False,False,True
327,4,0,0,1,0,1.0,0,0,0,1,0,0,0,0,0,0,1,0,0,0,0,0,0,0,0,0,1,0,0,0,0,0,False,True,False,False,False,True,False,False,True,False,False,False,True,False,True,False,True,False,False,False,True
328,5,0,0,1,0,1.0,0,0,0,1,0,0,0,0,0,0,1,1,0,1,0,0,1,0,0,1,1,0,0,0,0,0,False,True,False,False,False,True,False,False,False,True,False,False,True,False,False,True,True,False,False,False,True
329,3,0,0,1,0,1.0,0,0,0,0,0,1,0,0,0,0,1,0,0,0,1,0,0,0,0,0,1,0,0,0,0,0,False,True,False,False,False,False,True,False,False,False,False,True,True,False,False,True,True,False,False,False,True
330,4,0,0,1,0,1.0,0,0,0,1,0,0,0,0,0,0,1,0,0,0,0,0,0,0,0,0,1,0,0,1,0,0,False,True,False,False,False,True,False,False,False,False,False,True,True,False,False,True,True,False,False,True,False
331,3,0,0,1,0,1.0,0,0,0,0,0,1,0,0,0,0,0,0,0,1,0,0,0,0,0,0,1,0,0,1,0,0,False,True,False,False,False,True,False,False,False,False,True,False,True,False,True,False,True,False,False,True,False
332,1,0,0,1,0,1.0,0,0,0,1,0,0,0,0,0,0,1,1,0,1,0,0,0,0,0,0,1,0,0,1,0,0,False,True,False,False,False,True,False,False,False,True,False,False,True,False,False,True,True,False,False,False,True
333,4,0,0,1,1,2.0,0,0,0,1,0,0,0,0,0,0,1,1,0,0,0,0,1,0,0,0,1,0,1,0,0,0,False,True,False,False,False,True,False,False,False,True,False,False,True,False,True,False,True,False,False,False,True
334,4,0,0,1,0,1.0,0,0,0,0,0,1,0,0,0,0,1,1,0,1,0,0,0,0,0,0,1,0,1,1,0,0,False,True,False,False,False,True,False,False,True,False,False,False,True,False,True,False,True,False,True,False,False
335,3,0,0,1,0,1.0,0,0,0,1,0,0,0,0,0,0,1,0,0,0,0,0,1,0,0,0,0,0,0,0,0,0,False,True,False,False,False,True,False,False,False,False,False,True,True,False,True,False,True,False,False,False,True
336,4,0,0,1,0,1.0,0,0,0,1,0,0,0,0,0,0,1,0,0,0,0,0,0,0,0,0,0,0,0,1,0,0,False,True,False,False,False,True,False,False,False,False,True,False,True,False,True,False,True,False,False,False,True
337,4,0,0,1,0,1.0,0,0,0,0,0,0,1,0,0,0,0,0,0,1,0,0,0,0,0,0,0,0,0,1,0,0,False,True,False,False,False,False,True,False,False,False,False,True,True,False,False,True,True,False,False,False,True
338,4,0,0,1,0,1.0,1,0,0,0,0,0,0,0,0,0,1,0,0,0,0,0,0,0,0,0,0,0,1,0,0,0,False,True,False,False,False,True,False,False,False,False,False,True,True,False,True,False,True,False,False,False,True
339,3,0,0,1,0,1.0,0,0,0,1,0,0,0,0,0,0,1,0,0,0,0,0,0,0,0,0,1,0,0,0,0,0,False,True,False,False,False,True,False,False,False,False,False,True,True,False,True,False,True,False,False,False,True
340,3,1,0,1,0,2.0,0,0,0,1,0,0,0,0,0,0,1,1,0,0,0,0,0,0,0,1,1,0,0,0,0,0,True,False,False,False,False,False,True,False,False,False,True,False,True,False,True,False,True,False,False,False,True
341,3,0,0,1,1,2.0,0,1,0,0,0,0,0,0,1,0,1,1,1,1,0,0,1,0,0,1,1,0,1,0,0,0,False,True,False,False,False,True,False,False,False,False,False,True,True,False,True,False,True,False,False,False,True
342,5,0,0,1,0,1.0,0,0,0,1,0,0,0,0,0,0,1,0,0,0,0,0,1,0,0,0,1,0,0,0,0,0,False,True,False,False,False,True,False,False,True,False,False,False,False,True,False,True,True,False,True,False,False
343,5,0,0,1,0,1.0,0,0,0,0,0,1,0,0,0,0,1,1,1,1,0,0,0,0,0,0,1,0,1,1,0,0,False,True,False,False,False,True,False,False,False,False,False,True,True,False,True,False,True,False,False,False,True
344,4,1,0,1,0,2.0,0,0,0,0,0,1,0,0,0,0,1,0,0,1,0,0,1,0,0,0,1,0,0,1,0,0,False,True,False,False,False,True,False,False,False,False,False,True,True,False,True,False,True,False,False,False,True
345,4,0,0,1,0,1.0,0,0,0,0,0,1,0,0,0,0,1,0,0,0,0,0,0,0,0,0,1,0,0,0,0,0,False,True,False,False,False,True,False,False,False,False,False,True,True,False,True,False,True,False,False,False,True
346,3,0,0,1,0,1.0,0,0,0,1,0,0,0,0,0,0,1,0,0,0,0,0,0,0,0,0,1,0,0,0,0,0,False,True,False,False,False,True,False,False,False,False,False,True,True,False,False,True,True,False,False,False,True
347,4,0,0,1,0,1.0,0,0,0,1,0,0,0,0,0,0,1,0,0,0,0,0,1,0,0,0,1,0,0,0,0,0,False,True,False,False,False,True,False,False,False,False,False,True,True,False,True,False,True,False,False,True,False
348,4,1,1,1,1,4.0,0,0,0,1,0,0,0,0,0,0,1,1,1,0,0,0,0,0,0,1,1,0,0,1,0,0,False,True,False,False,False,True,False,False,False,False,True,False,False,True,False,True,True,False,False,False,True
349,5,0,0,1,0,1.0,0,0,0,0,0,1,0,0,0,0,1,0,0,0,0,0,0,0,0,0,1,0,0,0,0,0,False,True,False,False,False,True,False,False,False,False,False,True,True,False,True,False,True,False,False,False,True
350,3,0,0,1,0,1.0,0,0,0,1,0,0,0,0,0,0,1,0,0,0,0,0,0,0,0,0,1,0,0,0,0,0,False,True,False,False,False,True,False,False,False,True,False,False,True,False,False,True,True,False,False,False,True
351,3,0,0,1,0,1.0,0,0,0,1,0,0,0,0,0,0,1,0,0,0,0,0,0,0,0,0,0,0,0,1,0,0,False,True,False,False,False,True,False,False,True,False,False,False,True,False,True,False,False,True,False,False,True
352,1,0,0,1,0,1.0,0,0,0,0,0,1,0,0,0,0,1,0,0,1,0,0,0,0,0,1,0,0,1,1,0,0,False,True,False,False,False,True,False,False,False,False,False,True,False,True,False,True,True,False,False,False,True
353,3,0,0,1,0,1.0,1,0,0,0,0,0,0,0,0,0,1,0,0,0,0,0,0,0,0,0,1,0,0,1,0,0,False,True,False,False,False,True,False,False,True,False,False,False,True,False,True,False,True,False,False,False,True
354,4,0,0,1,0,1.0,0,0,0,1,0,0,0,0,0,0,0,0,1,0,0,0,0,0,0,0,1,0,0,0,0,0,False,True,False,False,False,True,False,False,True,False,False,False,True,False,True,False,True,False,False,False,True
355,5,0,0,1,0,1.0,0,0,0,1,0,0,0,0,0,0,1,0,0,0,0,0,0,0,0,0,1,0,0,0,0,0,False,True,False,False,False,True,False,False,False,False,False,True,True,False,True,False,False,True,False,True,False
356,5,0,0,1,0,1.0,0,0,0,1,0,0,0,0,0,0,1,0,0,0,0,0,0,0,0,0,1,0,0,0,0,0,False,True,False,False,False,True,False,False,False,True,False,False,True,False,True,False,True,False,True,False,False
357,3,0,0,1,1,2.0,0,0,0,1,0,0,0,0,0,0,1,1,1,0,0,0,1,0,0,1,1,0,0,1,0,0,False,True,False,False,False,True,False,False,False,False,False,True,True,False,True,False,True,False,False,False,True
358,4,1,0,1,0,2.0,0,0,0,1,0,0,0,0,0,0,1,0,1,0,0,0,0,0,0,0,1,0,1,1,0,0,False,True,False,False,False,True,False,False,False,False,False,True,True,False,True,False,True,False,False,False,True
359,4,0,0,1,0,1.0,0,0,0,0,0,1,0,0,0,0,1,1,1,1,0,0,0,0,0,1,1,0,1,1,0,0,False,True,False,False,False,True,False,False,True,False,False,False,True,False,True,False,True,False,False,False,True
360,3,0,0,1,0,1.0,0,1,0,0,0,0,0,0,1,0,1,1,1,1,0,0,1,0,0,1,1,0,1,1,0,0,False,True,False,False,False,False,True,False,True,False,False,False,True,False,False,True,True,False,False,True,False
361,3,0,0,1,0,1.0,0,0,0,1,0,0,0,0,0,0,0,1,0,0,0,0,0,0,0,0,0,0,0,1,0,0,False,True,False,False,False,True,False,False,False,False,True,False,False,True,False,True,True,False,False,False,True
362,4,0,0,1,0,1.0,1,0,0,0,0,0,0,0,0,0,1,0,0,0,0,0,0,0,0,0,1,0,0,0,0,0,False,True,False,False,False,False,True,False,False,False,False,True,True,False,True,False,True,False,False,False,True
363,4,0,0,1,0,1.0,0,0,0,1,0,0,0,0,0,0,1,0,0,0,0,0,1,0,0,0,1,0,0,1,0,0,False,False,False,False,True,True,False,False,False,False,True,False,True,False,True,False,True,False,False,False,True
364,5,1,1,1,1,4.0,0,0,0,0,0,1,0,0,0,0,1,0,1,1,0,0,1,0,0,0,1,0,1,1,0,0,False,True,False,False,False,True,False,False,False,False,False,True,True,False,True,False,True,False,True,False,False
365,5,0,0,1,0,1.0,0,0,0,0,0,1,0,0,0,0,1,0,1,0,0,0,1,0,0,0,1,0,0,0,0,0,False,True,False,False,False,False,True,False,False,False,False,True,True,False,True,False,True,False,False,False,True
366,4,0,0,1,0,1.0,0,0,0,1,0,0,0,0,0,0,1,0,0,0,0,0,0,0,0,0,1,0,0,0,0,0,False,True,False,False,False,True,False,False,False,True,False,False,True,False,False,True,True,False,False,False,True
367,3,0,0,1,0,1.0,0,0,0,1,0,0,0,0,0,0,1,1,0,1,0,0,0,0,0,0,1,0,0,1,0,0,False,True,False,False,False,True,False,False,True,False,False,False,True,False,True,False,True,False,False,False,True
368,4,0,0,1,0,1.0,0,0,0,1,0,0,0,0,0,0,1,0,0,0,0,0,0,0,0,0,1,0,0,0,0,0,False,True,False,False,False,True,False,False,True,False,False,False,True,False,True,False,True,False,False,False,True
369,3,0,0,1,0,1.0,0,0,1,0,0,0,0,0,0,0,1,1,0,0,0,0,0,0,0,0,0,0,0,1,0,0,False,True,False,False,False,True,False,False,False,True,False,False,True,False,True,False,True,False,False,False,True
370,4,0,0,1,0,1.0,1,1,1,1,1,1,1,1,1,1,1,0,0,1,0,0,0,0,0,0,1,0,0,1,0,0,False,True,False,False,False,True,False,False,False,False,False,True,True,False,True,False,True,False,False,False,True
371,4,0,0,1,1,2.0,0,0,0,0,0,1,0,0,0,0,1,0,0,0,0,0,0,0,0,0,1,0,0,0,0,0,True,False,False,False,False,False,True,False,False,False,False,True,True,False,True,False,True,False,False,True,False
372,3,0,0,1,0,1.0,0,0,0,0,0,1,0,0,0,0,1,1,0,1,0,0,0,0,0,0,1,0,1,0,0,0,False,True,False,False,False,False,True,False,False,False,True,False,True,False,True,False,True,False,True,False,False
373,3,0,0,1,0,1.0,0,0,0,1,0,0,0,0,0,0,1,0,1,0,0,0,1,0,0,1,1,0,0,1,0,0,False,True,False,False,False,True,False,False,False,True,False,False,True,False,True,False,True,False,False,False,True
374,4,0,1,1,1,3.0,0,0,0,1,0,0,0,0,0,0,1,1,1,1,0,0,0,0,0,1,1,0,0,1,0,0,False,True,False,False,False,True,False,False,True,False,False,False,True,False,True,False,True,False,False,False,True
375,3,0,0,1,0,1.0,0,0,0,1,0,0,0,0,0,0,1,1,0,0,0,0,0,0,0,0,1,0,0,1,0,0,False,True,False,False,False,True,False,False,False,False,False,True,True,False,False,True,True,False,False,False,True
376,3,0,0,1,0,1.0,0,0,0,1,0,0,0,0,0,0,1,0,0,1,0,0,0,0,0,0,0,0,0,1,0,0,False,True,False,False,False,True,False,False,False,False,True,False,True,False,True,False,True,False,True,False,False
377,4,0,0,1,0,1.0,0,0,0,1,0,0,0,0,0,0,0,0,0,1,0,0,0,0,0,0,0,0,0,1,0,0,False,True,False,False,False,True,False,False,True,False,False,False,True,False,True,False,True,False,False,False,True
378,3,0,0,1,0,1.0,0,0,0,0,0,1,0,0,0,0,1,0,0,1,0,0,0,0,0,0,1,0,0,1,0,0,False,True,False,False,False,True,False,False,False,False,True,False,True,False,True,False,True,False,False,False,True
379,5,0,1,1,0,2.0,0,0,0,1,0,0,0,0,0,0,1,1,1,1,0,0,0,0,0,0,1,0,1,1,0,0,False,True,False,False,False,True,False,False,False,False,False,True,True,False,False,True,True,False,False,False,True
380,5,0,0,1,0,1.0,0,0,0,1,0,0,0,0,0,0,1,0,0,0,0,0,0,0,0,0,1,0,0,0,0,0,False,True,False,False,False,True,False,False,False,False,True,False,True,False,True,False,True,False,False,False,True
381,3,0,1,0,0,1.0,0,0,0,1,0,0,0,0,0,0,1,0,0,0,0,0,0,0,0,0,0,0,0,1,0,0,False,True,False,False,False,False,True,False,False,False,False,True,True,False,False,True,True,False,False,False,True
382,3,0,0,1,0,1.0,0,0,0,0,0,1,0,0,0,0,1,1,1,1,0,0,1,0,0,1,1,0,1,0,1,0,False,True,False,False,False,True,False,False,False,False,False,True,False,True,False,True,True,False,False,False,True
383,4,0,1,0,1,2.0,0,0,0,1,0,0,0,0,0,0,1,0,0,1,0,0,0,0,0,0,1,0,0,0,0,0,False,True,False,False,False,True,False,False,False,False,True,False,True,False,False,True,True,False,False,False,True
384,5,0,0,1,0,1.0,0,0,0,0,0,1,0,0,0,0,1,1,1,1,0,0,0,0,0,1,1,0,1,1,0,0,True,False,False,False,False,True,False,False,True,False,False,False,True,False,True,False,True,False,False,False,True
385,3,0,0,1,0,1.0,0,0,0,1,0,0,0,0,0,0,1,0,0,0,0,0,1,0,0,0,0,0,0,0,0,0,False,True,False,False,False,True,False,False,False,False,False,True,True,False,True,False,True,False,True,False,False
386,5,1,1,1,1,4.0,0,0,0,0,0,0,1,0,0,0,1,1,1,1,0,0,1,0,0,1,1,0,1,1,0,0,False,True,False,False,False,True,False,False,False,False,False,True,True,False,True,False,True,False,False,False,True
387,3,0,0,1,0,1.0,0,0,0,1,0,0,0,0,0,0,1,0,0,0,0,0,1,0,0,1,1,0,1,1,0,0,False,True,False,False,False,True,False,False,True,False,False,False,True,False,False,True,True,False,False,False,True
388,1,1,0,1,0,2.0,0,0,0,1,0,0,0,0,0,0,1,0,0,0,0,0,0,0,0,0,1,0,0,1,0,0,False,True,False,False,False,True,False,False,False,False,False,True,True,False,True,False,True,False,False,False,True
389,4,0,0,0,1,1.0,0,0,0,1,0,0,0,0,0,0,0,0,0,1,0,0,0,0,0,0,1,0,0,0,0,0,False,True,False,False,False,True,False,False,False,False,False,True,True,False,True,False,True,False,False,False,True
390,3,0,0,1,0,1.0,0,0,0,1,0,0,0,0,0,0,0,0,0,1,0,0,0,0,0,0,0,0,0,1,0,0,False,True,False,False,False,True,False,False,False,False,False,True,True,False,True,False,True,False,False,True,False
391,1,0,0,1,0,1.0,0,0,0,0,0,1,0,0,0,0,1,0,0,0,0,0,0,0,0,0,1,0,0,0,0,0,False,True,False,False,False,True,False,False,False,False,False,True,True,False,True,False,True,False,False,False,True
392,2,0,0,1,0,1.0,0,1,0,0,0,0,0,0,1,0,0,0,1,0,0,0,0,0,0,0,0,0,1,0,0,0,False,True,False,False,False,True,False,False,False,False,True,False,True,False,True,False,True,False,False,False,True
393,4,1,0,1,0,2.0,0,0,0,1,0,0,0,0,0,0,1,1,1,1,0,0,1,0,0,1,1,0,1,1,0,0,False,True,False,False,False,True,False,False,False,False,True,False,True,False,False,True,True,False,False,False,True
394,4,0,0,1,0,1.0,0,0,0,1,0,0,0,0,0,0,1,0,0,0,0,0,1,0,0,0,1,0,0,1,0,0,False,True,False,False,False,True,False,False,False,False,False,True,False,True,False,True,True,False,False,False,True
395,4,0,0,1,0,1.0,0,0,0,1,0,0,0,0,0,0,1,1,0,1,0,0,1,0,0,0,0,0,0,1,0,0,False,True,False,False,False,True,False,False,True,False,False,False,True,False,True,False,True,False,False,False,True
396,3,1,0,1,0,2.0,0,0,0,1,0,0,0,0,0,0,1,0,0,1,0,0,0,0,0,0,0,0,0,1,0,0,True,False,False,False,False,True,False,False,False,False,False,True,True,False,True,False,True,False,False,False,True
397,5,0,0,1,0,1.0,0,0,0,1,0,0,0,0,0,0,1,0,0,0,0,0,0,0,0,0,1,0,0,1,0,0,False,True,False,False,False,True,False,False,True,False,False,False,True,False,True,False,True,False,False,False,True
398,4,0,0,1,0,1.0,0,0,0,1,0,0,0,0,0,0,0,1,0,0,0,0,1,0,0,0,1,0,0,0,0,0,False,True,False,False,False,True,False,False,True,False,False,False,True,False,True,False,True,False,False,False,True
399,4,1,0,1,0,2.0,1,1,1,1,1,1,1,1,1,1,0,0,1,1,0,0,0,0,0,0,0,0,0,1,0,0,False,True,False,False,False,False,True,False,False,False,False,True,True,False,True,False,True,False,False,False,True
400,5,0,0,1,0,1.0,0,0,0,1,0,0,0,0,0,0,1,1,1,1,0,0,0,0,0,1,1,0,0,1,0,0,False,True,False,False,False,True,False,False,False,False,True,False,True,False,False,True,True,False,False,False,True
401,3,0,0,1,0,1.0,0,0,0,1,0,0,0,0,0,0,1,1,0,0,0,0,0,0,0,0,0,0,0,1,0,0,False,True,False,False,False,True,False,False,False,False,False,True,True,False,True,False,True,False,False,False,True
402,3,0,0,1,0,1.0,0,0,0,1,0,0,0,0,0,0,1,0,0,0,0,0,0,0,0,0,1,0,0,0,0,0,False,True,False,False,False,False,True,False,False,False,True,False,True,False,True,False,True,False,True,False,False
403,4,1,0,1,0,2.0,0,0,0,1,0,0,0,0,0,0,1,0,0,1,0,0,0,0,0,0,1,0,1,0,0,0,False,True,False,False,False,True,False,False,False,False,True,False,True,False,True,False,True,False,False,False,True
404,3,0,0,1,0,1.0,0,0,0,1,0,0,0,0,0,0,1,0,0,0,0,0,0,0,0,0,1,0,0,0,0,0,False,True,False,False,False,True,False,False,True,False,False,False,True,False,True,False,True,False,True,False,False
405,3,0,1,1,0,2.0,0,0,0,1,0,0,0,0,0,0,1,1,1,1,0,0,0,0,0,0,0,0,0,1,0,0,False,True,False,False,False,False,True,False,True,False,False,False,True,False,True,False,True,False,False,False,True
406,4,0,0,1,0,1.0,1,0,0,0,0,0,0,0,0,0,0,0,0,1,0,0,0,0,0,0,1,0,0,0,0,0,False,True,False,False,False,True,False,False,True,False,False,False,True,False,True,False,False,True,True,False,False
407,3,0,0,1,0,1.0,0,0,0,1,0,0,0,0,0,0,1,0,0,0,0,0,1,0,0,0,0,0,0,1,0,0,False,True,False,False,False,True,False,False,False,False,False,True,True,False,False,True,True,False,True,False,False
408,4,0,0,1,0,1.0,0,1,0,0,0,0,0,0,1,0,1,0,0,0,0,0,0,0,0,0,0,0,0,1,0,0,False,True,False,False,False,True,False,False,False,False,True,False,True,False,True,False,True,False,False,False,True
409,4,0,0,1,0,1.0,0,0,0,1,0,0,0,0,0,0,1,1,0,1,0,0,1,0,0,0,1,0,1,1,0,0,False,True,False,False,False,False,True,False,False,False,False,True,True,False,True,False,True,False,False,False,True
410,3,0,0,1,0,1.0,0,0,0,1,0,0,0,0,0,0,0,1,0,0,0,0,0,0,0,0,1,0,0,1,0,0,True,False,False,False,False,True,False,False,False,False,True,False,True,False,False,True,True,False,False,False,True
411,5,0,0,1,0,1.0,0,0,0,0,0,0,1,0,0,0,1,0,0,0,0,0,0,0,0,0,1,0,0,0,0,0,True,False,False,False,False,True,False,False,False,True,False,False,True,False,True,False,True,False,False,True,False
412,4,0,0,1,0,1.0,0,0,0,0,0,0,1,0,0,0,0,0,1,0,0,0,0,0,0,0,0,0,0,1,0,0,False,True,False,False,False,True,False,False,False,False,False,True,False,True,False,True,True,False,False,False,True
413,4,0,1,1,1,3.0,0,0,0,1,0,0,0,0,0,0,1,0,0,0,0,0,0,0,0,0,1,0,0,0,0,0,False,True,False,False,False,True,False,False,True,False,False,False,True,False,True,False,True,False,False,False,True
414,5,0,0,1,0,1.0,0,0,0,1,0,0,0,0,0,0,0,0,0,1,0,0,0,0,0,0,0,0,1,0,0,0,False,True,False,False,False,True,False,False,False,True,False,False,True,False,True,False,True,False,True,False,False
415,5,0,0,1,0,1.0,0,0,0,1,0,0,0,0,0,0,1,0,0,0,0,0,0,0,0,0,1,0,0,0,0,0,False,False,True,False,False,False,True,False,False,True,False,False,True,False,True,False,True,False,False,False,True
416,3,0,0,1,0,1.0,0,0,0,1,0,0,0,0,0,0,1,1,0,0,0,0,0,0,0,0,1,0,1,0,0,0,False,True,False,False,False,True,False,False,False,True,False,False,True,False,True,False,True,False,False,False,True
417,4,0,0,1,0,1.0,0,0,0,1,0,0,0,0,0,0,1,0,0,0,0,0,0,0,0,0,1,0,0,1,0,0,False,True,False,False,False,True,False,False,True,False,False,False,True,False,False,True,True,False,False,True,False
418,4,0,0,1,0,1.0,0,1,0,0,0,0,0,0,1,0,1,0,0,0,0,0,0,0,0,0,1,0,0,1,0,0,False,True,False,False,False,True,False,False,False,True,False,False,True,False,True,False,True,False,False,False,True
419,4,0,0,1,0,1.0,0,0,0,1,0,0,0,0,0,0,1,0,0,0,0,0,0,0,0,0,1,0,1,1,0,0,False,True,False,False,False,True,False,False,False,True,False,False,True,False,True,False,True,False,False,False,True
420,3,0,0,1,0,1.0,0,0,0,1,0,0,0,0,0,0,0,1,0,0,0,0,0,0,0,0,1,0,0,0,0,0,False,True,False,False,False,True,False,False,True,False,False,False,True,False,False,True,True,False,False,False,True
421,1,0,0,1,0,1.0,0,0,0,1,0,0,0,0,0,0,1,0,0,0,0,0,0,0,0,0,0,0,0,1,0,0,False,True,False,False,False,True,False,False,True,False,False,False,True,False,True,False,True,False,False,False,True
422,3,0,0,1,0,1.0,0,0,0,1,0,0,0,0,0,0,1,0,0,0,0,0,1,0,0,0,1,0,0,1,0,0,False,True,False,False,False,True,False,False,False,True,False,False,True,False,True,False,True,False,True,False,False
423,3,0,0,1,0,1.0,0,0,0,1,0,0,0,0,0,0,1,0,0,0,0,0,0,0,0,0,1,0,0,0,0,0,False,True,False,False,False,True,False,False,True,False,False,False,True,False,True,False,True,False,False,False,True
424,5,1,1,1,0,3.0,0,0,0,0,0,1,0,0,0,0,1,0,1,1,0,0,0,0,0,0,1,0,0,1,0,0,False,True,False,False,False,False,True,False,False,False,False,True,False,True,False,True,True,False,False,False,True
425,4,0,0,1,0,1.0,0,0,0,0,0,1,0,0,0,0,1,0,0,0,0,0,0,0,0,0,0,0,1,1,0,0,False,True,False,False,False,True,False,False,False,False,False,True,True,False,True,False,True,False,False,False,True
426,4,1,0,0,0,1.0,0,0,0,0,0,1,0,0,0,0,0,1,0,0,0,0,0,0,0,0,0,0,1,1,0,0,False,True,False,False,False,True,False,False,False,False,False,True,True,False,True,False,True,False,False,False,True
427,5,0,0,1,0,1.0,0,0,0,1,0,0,0,0,0,0,1,0,0,0,0,0,0,0,0,0,1,0,0,0,0,0,False,True,False,False,False,True,False,False,False,True,False,False,True,False,True,False,True,False,False,False,True
428,5,0,0,1,0,1.0,0,0,0,1,0,0,0,0,0,0,1,0,0,0,0,0,0,0,0,1,0,0,1,1,0,0,True,False,False,False,False,True,False,False,False,False,True,False,True,False,False,True,True,False,False,False,True
429,4,0,0,1,0,1.0,0,0,0,1,0,0,0,0,0,0,1,0,0,0,0,0,0,0,0,0,1,0,0,1,0,0,False,True,False,False,False,False,True,False,False,False,True,False,False,True,False,True,False,True,False,False,True
430,4,0,0,1,0,1.0,0,0,0,1,0,0,0,0,0,0,0,1,0,0,0,0,0,0,0,0,1,0,0,0,0,0,False,True,False,False,False,True,False,False,False,False,False,True,True,False,False,True,True,False,False,False,True
431,5,0,0,1,0,1.0,0,0,0,1,0,0,0,0,0,0,1,1,1,1,0,0,0,0,0,0,1,0,0,1,0,0,False,True,False,False,False,True,False,False,False,False,False,True,True,False,True,False,True,False,False,False,True
432,3,0,0,1,0,1.0,0,0,0,1,0,0,0,0,0,0,1,0,0,0,0,0,0,0,0,1,0,0,0,0,0,0,False,True,False,False,False,True,False,False,False,False,False,True,True,False,True,False,True,False,False,True,False
433,4,0,0,1,0,1.0,0,0,0,1,0,0,0,0,0,0,1,0,1,1,0,0,0,0,0,0,1,0,1,1,0,0,False,True,False,False,False,True,False,False,False,False,True,False,False,True,False,True,True,False,False,False,True
434,3,0,0,1,0,1.0,0,0,0,0,0,1,0,0,0,0,1,0,1,0,0,0,0,0,0,0,0,0,0,1,0,0,False,True,False,False,False,True,False,False,True,False,False,False,True,False,True,False,True,False,False,False,True
435,3,0,0,1,0,1.0,0,0,0,1,0,0,0,0,0,0,1,0,0,0,0,0,0,0,0,0,1,0,0,1,0,0,False,True,False,False,False,True,False,False,False,True,False,False,True,False,True,False,True,False,False,False,True
436,3,0,0,1,0,1.0,0,0,0,1,0,0,0,0,0,0,1,0,0,0,0,0,0,0,0,0,1,0,0,0,0,0,False,True,False,False,False,True,False,False,True,False,False,False,True,False,True,False,True,False,False,False,True
437,3,0,0,1,0,1.0,0,0,0,1,0,0,0,0,0,0,1,0,0,0,0,0,0,0,0,0,0,0,0,1,0,0,False,True,False,False,False,True,False,False,True,False,False,False,True,False,True,False,False,True,False,False,True
438,2,0,0,1,0,1.0,0,0,0,1,0,0,0,0,0,0,1,0,0,1,0,0,0,0,0,0,1,0,0,1,0,0,False,True,False,False,False,False,True,False,False,False,True,False,True,False,True,False,True,False,False,False,True
439,3,0,0,1,0,1.0,0,0,0,1,0,0,0,0,0,0,1,0,0,0,0,0,0,0,0,0,0,0,0,1,0,0,False,True,False,False,False,True,False,False,True,False,False,False,True,False,True,False,True,False,False,True,False
440,4,0,1,1,0,2.0,0,0,0,1,0,0,0,0,0,0,1,0,1,0,0,0,1,0,0,0,0,1,0,0,0,0,False,True,False,False,False,True,False,False,False,False,True,False,True,False,True,False,True,False,True,False,False
441,4,0,0,1,0,1.0,0,0,0,0,0,1,0,0,0,0,1,0,1,1,0,0,0,0,0,0,1,0,1,1,0,0,False,True,False,False,False,False,True,False,True,False,False,False,True,False,True,False,True,False,False,False,True
442,3,1,0,1,0,2.0,0,0,0,0,0,1,0,0,0,0,1,1,1,1,0,0,0,0,0,0,1,0,1,1,0,0,False,True,False,False,False,True,False,False,False,False,False,True,True,False,True,False,True,False,False,True,False
443,4,0,0,1,0,1.0,0,0,0,1,0,0,0,0,0,0,1,1,0,1,0,0,0,0,0,0,1,0,1,1,0,0,False,True,False,False,False,True,False,False,False,False,False,True,False,True,False,True,True,False,False,False,True
444,4,0,0,1,0,1.0,0,0,0,0,0,1,0,0,0,0,1,1,1,0,0,0,0,0,0,0,1,0,1,1,0,0,False,True,False,False,False,True,False,False,False,False,False,True,True,False,False,True,True,False,False,False,True
445,4,1,0,1,0,2.0,0,0,0,0,0,1,0,0,0,0,1,1,0,1,0,0,1,0,0,0,0,0,0,1,0,0,False,True,False,False,False,True,False,False,False,False,False,True,True,False,True,False,True,False,False,False,True
446,4,0,0,1,0,1.0,0,0,0,1,0,0,0,0,0,0,1,0,1,0,0,0,0,0,0,0,0,0,0,1,0,0,False,True,False,False,False,True,False,False,False,True,False,False,True,False,True,False,True,False,False,False,True
447,4,0,0,1,0,1.0,0,0,0,1,0,0,0,0,0,0,1,0,0,0,0,0,0,0,0,0,0,0,0,1,0,0,False,True,False,False,False,True,False,False,False,False,True,False,True,False,True,False,True,False,False,False,True
448,3,0,0,1,0,1.0,0,0,0,1,0,0,0,0,0,0,1,0,0,0,0,0,1,0,0,0,0,0,0,1,0,0,False,True,False,False,False,True,False,False,False,True,False,False,True,False,True,False,True,False,False,False,True
449,3,0,0,1,0,1.0,0,0,0,0,0,0,0,1,0,0,1,0,0,1,0,0,0,0,0,0,1,0,1,1,0,0,False,True,False,False,False,False,True,False,False,False,True,False,False,True,False,True,True,False,False,True,False
450,4,0,0,1,0,1.0,0,0,0,0,0,1,0,0,0,0,1,1,0,0,0,0,0,0,0,0,1,0,1,1,0,0,False,True,False,False,False,True,False,False,False,False,False,True,True,False,True,False,True,False,False,False,True
451,3,1,0,1,0,2.0,0,0,0,1,0,0,0,0,0,0,1,0,0,0,0,0,0,0,0,0,0,0,0,1,0,0,False,True,False,False,False,True,False,False,True,False,False,False,True,False,True,False,True,False,True,False,False
452,5,1,0,1,0,2.0,0,1,0,0,0,0,0,0,1,0,1,0,0,1,0,0,0,0,0,0,0,0,0,1,0,0,False,True,False,False,False,True,False,False,False,False,False,True,True,False,False,True,True,False,False,False,True
453,5,0,0,1,0,1.0,0,0,0,1,0,0,0,0,0,0,1,0,0,0,0,0,1,0,0,0,1,0,0,1,0,0,False,True,False,False,False,True,False,False,False,True,False,False,True,False,True,False,True,False,False,False,True
454,3,0,0,1,0,1.0,1,0,0,1,0,0,0,0,1,0,1,0,0,0,0,0,0,0,0,0,0,0,0,1,0,0,False,True,False,False,False,True,False,False,False,False,False,True,True,False,True,False,True,False,False,False,True
455,5,0,1,1,1,3.0,0,0,0,1,0,0,0,0,0,0,1,1,1,1,0,0,0,0,0,0,1,0,1,1,0,0,False,True,False,False,False,True,False,False,False,False,False,True,True,False,True,False,True,False,False,False,True
456,4,0,0,1,0,1.0,0,0,0,1,0,0,0,0,0,0,1,0,0,0,0,0,0,0,0,0,0,0,0,1,0,0,False,True,False,False,False,True,False,False,False,False,False,True,True,False,False,True,True,False,False,False,True
457,4,0,0,1,0,1.0,0,0,0,1,0,0,0,0,0,0,1,0,0,0,0,0,0,0,0,0,1,0,0,0,0,0,False,True,False,False,False,True,False,False,False,False,False,True,True,False,True,False,True,False,False,False,True
458,4,0,0,1,0,1.0,0,0,0,1,0,0,0,0,0,0,1,1,0,0,0,0,0,0,0,0,0,0,0,1,0,0,False,True,False,False,False,True,False,False,False,False,False,True,True,False,True,False,True,False,False,False,True
459,4,0,0,1,0,1.0,1,0,0,0,0,0,0,0,0,0,1,0,0,0,0,0,1,0,0,0,1,0,0,0,0,0,False,True,False,False,False,False,True,False,False,False,False,True,True,False,True,False,True,False,False,False,True
460,4,1,0,1,0,2.0,1,0,0,0,0,0,0,0,0,0,1,1,0,0,0,0,0,0,0,0,0,0,0,1,0,0,False,True,False,False,False,False,True,False,False,False,False,True,True,False,False,True,True,False,False,False,True
461,4,0,0,1,0,1.0,0,0,0,1,0,0,0,0,0,0,1,0,0,0,0,0,0,0,0,0,1,0,1,1,0,0,False,True,False,False,False,True,False,False,False,False,False,True,True,False,True,False,True,False,False,False,True
462,4,1,0,1,0,2.0,0,0,0,0,0,1,0,0,0,0,1,1,0,0,0,0,0,0,0,0,1,0,1,1,0,0,False,True,False,False,False,True,False,False,False,False,True,False,False,True,False,True,True,False,False,False,True
463,3,0,0,1,0,1.0,0,0,0,1,0,0,0,0,0,0,1,0,0,0,0,0,0,0,0,0,0,0,0,1,0,0,False,True,False,False,False,True,False,False,False,False,True,False,True,False,True,False,True,False,False,True,False
464,2,1,0,0,0,1.0,0,0,0,0,0,0,1,0,0,0,0,1,0,0,0,0,0,0,0,0,0,0,0,1,0,0,True,False,False,False,False,False,False,True,False,False,True,False,True,False,False,True,False,True,False,False,True
465,2,1,0,0,0,1.0,1,0,0,0,0,0,0,0,0,0,1,0,0,0,0,0,0,0,0,1,0,0,0,0,0,0,True,False,False,False,False,True,False,False,False,False,True,False,False,True,True,False,True,False,False,True,False
466,2,0,1,0,0,1.0,0,0,0,0,0,0,1,0,0,0,0,1,0,0,0,0,0,0,0,1,1,0,0,0,0,0,True,False,False,False,False,True,False,False,False,True,False,False,False,True,False,True,False,True,True,False,False
467,2,1,0,0,0,1.0,0,0,0,0,0,0,1,0,0,0,0,1,0,0,0,0,0,0,0,0,1,0,0,0,0,0,True,False,False,False,False,True,False,False,False,True,False,False,False,True,True,False,True,False,True,False,False
468,4,1,0,0,0,1.0,0,0,0,0,0,0,1,0,0,0,0,0,0,1,0,0,0,0,0,0,1,0,0,0,0,0,False,True,False,False,False,True,False,False,False,False,True,False,True,False,False,True,False,True,True,False,False
469,2,0,1,0,0,1.0,0,0,0,0,0,0,1,0,0,0,0,1,0,0,0,0,0,0,0,0,1,0,0,0,0,0,False,True,False,False,False,True,False,False,False,False,True,False,False,True,False,True,False,True,True,False,False
470,2,0,1,0,0,1.0,0,0,0,0,0,0,1,0,0,0,0,1,0,0,0,0,0,0,0,0,1,0,0,0,0,0,False,True,False,False,False,False,False,True,False,False,True,False,True,False,True,False,False,True,True,False,False
471,3,1,0,0,0,1.0,1,0,0,0,0,0,0,0,0,0,0,1,0,0,0,0,0,0,0,0,1,0,0,0,0,0,False,True,False,False,False,True,False,False,False,False,False,True,True,False,False,True,True,False,True,False,False
472,2,0,1,0,0,1.0,0,0,0,0,0,0,1,0,0,0,0,0,0,1,0,0,0,0,0,0,1,0,0,0,0,0,False,True,False,False,False,True,False,False,False,True,False,False,True,False,False,True,False,True,False,True,False
473,3,0,1,0,0,1.0,0,0,0,0,0,0,1,0,0,0,0,1,0,0,0,0,0,0,0,0,1,0,0,0,0,0,False,False,True,False,False,True,False,False,False,True,False,False,True,False,True,False,True,False,True,False,False
474,3,1,0,0,0,1.0,0,0,0,0,0,0,1,0,0,0,0,1,0,0,0,0,0,0,0,1,0,0,1,0,0,0,False,False,True,False,False,True,False,False,False,True,False,False,True,False,False,True,False,True,True,False,False
475,3,0,1,0,0,1.0,0,0,0,0,0,0,1,0,0,0,0,0,0,1,0,0,0,0,0,1,0,0,0,0,0,0,False,True,False,False,False,False,False,True,False,True,False,False,False,True,False,True,True,False,False,False,True
476,3,0,0,0,1,1.0,0,1,0,0,0,0,0,0,1,0,0,1,0,0,0,0,0,0,0,0,0,0,1,0,0,0,False,True,False,False,False,True,False,False,False,False,True,False,False,True,False,True,True,False,True,False,False
477,3,0,1,0,0,1.0,0,0,0,0,0,0,1,0,0,0,0,1,0,0,0,0,0,0,0,0,0,0,1,0,0,0,True,False,False,False,False,True,False,False,False,True,False,False,False,True,False,True,False,True,True,False,False
478,4,1,0,0,0,1.0,0,0,0,1,0,0,0,0,0,0,0,0,0,1,0,0,0,0,0,0,0,0,1,0,0,0,False,False,True,False,False,True,False,False,False,True,False,False,False,True,True,False,False,True,False,True,False
479,2,1,0,0,0,1.0,1,0,0,0,0,0,0,0,0,0,0,0,0,1,0,0,0,0,0,0,0,0,1,0,0,0,False,True,False,False,False,True,False,False,True,False,False,False,False,True,True,False,True,False,True,False,False
480,3,0,1,0,0,1.0,1,0,0,0,0,0,0,0,0,0,0,0,0,1,0,0,0,0,0,1,0,0,0,1,0,0,False,True,False,False,False,True,False,False,False,True,False,False,True,False,True,False,False,True,False,True,False
481,3,1,0,0,0,1.0,1,0,0,0,0,0,0,0,0,0,0,0,0,1,0,0,0,0,0,0,1,0,0,0,0,0,False,True,False,False,False,False,True,False,False,True,False,False,False,True,True,False,False,True,True,False,False
482,3,0,1,1,0,2.0,0,0,0,0,0,0,1,0,0,0,0,1,0,0,0,0,0,0,0,1,1,0,0,0,0,0,False,True,False,False,False,True,False,False,False,False,True,False,True,False,True,False,False,True,True,False,False
483,3,1,0,0,0,1.0,1,0,0,0,0,0,0,0,0,0,0,1,0,0,0,0,0,0,0,0,0,0,1,0,0,0,True,False,False,False,False,False,True,False,False,True,False,False,True,False,False,True,False,True,True,False,False
484,3,0,1,0,0,1.0,0,0,0,0,0,0,1,0,0,0,1,1,0,0,0,0,0,0,0,1,1,0,0,1,0,0,False,True,False,False,False,False,False,True,False,True,False,False,True,False,False,True,True,False,True,False,False
485,3,1,0,0,0,1.0,1,0,0,0,0,0,0,0,0,0,0,1,0,1,0,0,0,0,0,1,1,0,0,1,0,0,False,True,False,False,False,True,False,False,False,False,True,False,True,False,False,True,False,True,False,False,True
486,2,1,1,0,0,2.0,0,0,0,0,0,0,1,0,0,0,0,0,1,1,0,0,1,0,0,1,0,0,1,0,0,0,True,False,False,False,False,True,False,False,False,False,True,False,False,True,True,False,True,False,True,False,False
487,3,1,1,0,0,2.0,0,0,0,1,0,0,0,0,0,0,0,1,0,0,0,0,0,0,0,1,0,0,0,0,0,0,True,False,False,False,False,True,False,False,False,False,True,False,False,True,False,True,False,True,False,False,True
488,3,1,0,0,0,1.0,0,0,0,1,0,0,0,0,0,0,0,0,0,1,0,0,0,0,0,0,0,0,1,0,0,0,True,False,False,False,False,True,False,False,False,False,True,False,True,False,False,True,False,True,True,False,False
489,2,0,1,0,0,1.0,0,0,0,1,0,0,0,0,0,0,1,0,0,0,0,0,0,0,0,0,1,0,0,0,0,0,False,True,False,False,False,False,True,False,False,True,False,False,True,False,True,False,True,False,True,False,False
490,4,0,1,1,1,3.0,1,0,0,0,0,0,0,0,0,0,1,1,0,0,0,0,1,0,0,0,1,0,1,0,0,0,False,True,False,False,False,True,False,False,False,False,True,False,True,False,False,True,False,True,True,False,False
491,3,0,0,1,0,1.0,0,0,0,1,0,0,0,0,0,0,0,1,0,0,0,0,0,0,0,0,0,0,0,1,0,0,False,True,False,False,False,True,False,False,False,False,True,False,False,True,False,True,True,False,True,False,False
492,3,1,0,0,0,1.0,0,0,0,0,0,0,1,0,0,0,0,0,1,0,0,0,0,0,0,1,0,0,0,0,0,0,False,False,False,True,False,False,False,True,False,False,False,True,True,False,True,False,True,False,False,True,False
493,4,1,1,0,1,3.0,1,0,0,0,0,0,0,0,0,0,0,0,1,1,0,0,0,0,0,0,1,0,0,0,0,0,True,False,False,False,False,False,True,False,False,False,False,True,True,False,True,False,False,True,True,False,False
494,4,1,0,0,0,1.0,1,0,0,0,0,0,0,0,0,0,0,0,0,1,0,0,0,0,0,0,0,0,1,0,0,0,False,False,False,True,False,False,False,True,False,False,True,False,False,True,True,False,False,True,True,False,False
495,4,0,1,0,0,1.0,0,0,0,0,0,0,1,0,0,0,0,1,0,0,0,0,0,0,0,0,0,0,0,1,0,0,False,True,False,False,False,True,False,False,False,False,True,False,True,False,False,True,False,True,True,False,False
496,3,1,0,0,0,1.0,1,0,0,0,0,0,0,0,0,0,0,0,0,1,0,0,0,0,0,1,0,0,0,0,0,0,False,True,False,False,False,False,True,False,False,True,False,False,True,False,False,True,False,True,True,False,False
497,4,0,1,0,0,1.0,0,0,0,0,0,0,1,0,0,0,0,1,0,0,0,0,0,0,0,0,1,0,0,0,0,0,False,True,False,False,False,False,True,False,False,False,True,False,False,True,False,True,False,True,True,False,False
498,3,1,0,0,0,1.0,1,0,0,0,0,0,0,0,0,0,0,1,0,0,0,0,0,0,0,1,0,0,1,0,0,0,False,True,False,False,False,True,False,False,False,True,False,False,True,False,True,False,False,True,True,False,False
499,3,1,0,0,0,1.0,0,0,0,0,0,0,1,0,0,0,0,0,1,0,0,0,0,0,0,0,1,0,0,0,0,0,False,True,False,False,False,True,False,False,False,True,False,False,True,False,False,True,True,False,True,False,False
500,4,0,0,1,0,1.0,0,0,0,0,0,0,1,0,0,0,0,0,0,1,0,0,1,0,0,0,1,0,0,0,0,0,False,True,False,False,False,True,False,False,False,True,False,False,False,True,False,True,False,True,True,False,False
501,3,0,1,0,0,1.0,1,0,0,0,0,0,0,0,0,0,1,0,0,0,0,0,0,0,0,0,1,0,0,1,0,0,True,False,False,False,False,False,True,False,False,True,False,False,True,False,False,True,False,True,True,False,False
502,3,1,0,0,0,1.0,0,0,0,0,0,1,0,0,0,0,0,1,0,0,0,0,0,0,0,0,1,0,0,0,0,0,True,False,False,False,False,True,False,False,False,True,False,False,False,True,True,False,True,False,True,False,False
503,3,0,1,0,0,1.0,1,0,0,0,0,0,0,0,0,0,0,0,0,1,0,0,0,0,0,1,0,0,0,0,0,0,True,False,False,False,False,False,False,True,False,False,True,False,True,False,True,False,True,False,True,False,False
504,3,0,1,0,0,1.0,1,0,0,0,0,0,0,0,0,0,1,0,0,0,0,0,0,0,0,1,0,0,0,0,0,0,True,False,False,False,False,False,True,False,False,False,False,True,False,True,False,True,False,True,True,False,False
505,3,0,0,0,1,1.0,1,0,0,0,0,0,0,0,0,0,0,0,0,1,0,0,1,0,0,0,1,0,0,0,0,0,False,True,False,False,False,True,False,False,False,False,True,False,True,False,False,True,False,True,False,True,False
506,4,0,1,0,0,1.0,1,0,0,0,0,0,0,0,0,0,0,0,0,1,0,0,0,0,0,0,0,0,1,0,0,0,False,True,False,False,False,False,True,False,True,False,False,False,False,True,False,True,True,False,False,True,False
507,3,1,0,0,0,1.0,1,0,0,0,0,0,0,0,0,0,0,0,0,1,0,0,1,0,0,1,1,0,0,0,0,0,False,True,False,False,False,True,False,False,True,False,False,False,True,False,True,False,False,True,False,True,False
508,2,0,0,0,1,1.0,0,0,0,0,0,0,1,0,0,0,1,0,0,0,0,0,0,0,0,0,1,0,0,0,0,0,True,False,False,False,False,True,False,False,False,True,False,False,False,True,False,True,False,True,False,True,False
509,4,0,0,1,0,1.0,0,0,0,1,0,0,0,0,0,0,1,1,0,0,0,0,0,0,0,1,0,0,0,1,0,0,False,True,False,False,False,True,False,False,False,False,False,True,True,False,True,False,True,False,False,False,True
510,5,0,0,1,0,1.0,0,0,0,1,0,0,0,0,0,0,1,1,1,1,0,0,0,0,0,1,0,0,0,0,0,0,False,True,False,False,False,False,True,False,False,False,False,True,False,True,False,True,True,False,False,False,True
511,4,0,0,1,0,1.0,0,0,0,1,0,0,0,0,0,0,1,0,0,0,0,0,1,0,0,0,0,0,0,0,0,0,False,True,False,False,False,True,False,False,False,False,False,True,True,False,True,False,True,False,False,False,True
512,4,0,0,1,0,1.0,0,0,0,1,0,0,0,0,0,0,1,1,0,0,0,0,0,0,0,0,1,0,1,0,0,0,False,True,False,False,False,True,False,False,False,False,False,True,True,False,False,True,True,False,False,False,True
513,4,1,1,1,0,3.0,0,0,1,0,0,0,0,0,0,0,1,0,0,1,0,0,0,0,0,1,1,0,0,1,0,0,False,True,False,False,False,True,False,False,False,False,False,True,True,False,True,False,True,False,False,False,True
514,4,0,0,1,0,1.0,0,0,0,1,0,0,0,0,0,0,1,0,0,0,0,0,0,0,0,0,1,0,0,0,0,0,False,True,False,False,False,True,False,False,False,False,False,True,True,False,True,False,True,False,False,False,True
515,5,1,0,1,1,3.0,0,0,0,0,0,1,0,0,0,0,0,1,0,1,0,0,0,0,0,0,1,0,0,0,0,0,False,True,False,False,False,True,False,False,False,False,False,True,True,False,False,True,True,False,False,True,False
516,2,1,0,1,0,2.0,0,0,0,0,0,1,0,0,0,0,1,1,1,1,0,0,0,0,0,0,1,0,1,1,0,0,False,True,False,False,False,True,False,False,False,False,False,True,True,False,False,True,True,False,False,False,True
517,3,0,0,1,0,1.0,0,0,0,0,0,1,0,0,0,0,1,0,0,0,0,0,0,0,0,0,0,0,0,1,0,0,False,True,False,False,False,True,False,False,False,False,False,True,True,False,True,False,True,False,False,False,True
518,2,0,0,1,0,1.0,0,0,0,1,0,0,0,0,0,0,1,0,0,1,0,0,0,0,0,0,0,0,1,1,0,0,False,True,False,False,False,True,False,False,False,True,False,False,False,True,False,True,True,False,False,False,True
519,3,1,0,1,0,2.0,0,0,0,0,0,1,0,0,0,0,1,1,0,0,0,0,1,0,0,1,1,0,0,1,0,0,False,True,False,False,False,True,False,False,False,False,False,True,False,True,False,True,True,False,False,False,True
